Project_ID,Country,Year,Technology,Installed_Capacity_MW,Capacity_Factor_Percent,Annual_Generation_MWh,Capital_Cost_USD_per_kW,Estimated_Project_Cost_Million_USD,Lifecycle_Emissions_kgCO2e_per_MWh,Estimated_CO2_Avoided_tons_per_year,Estimated_Jobs,Grid_Connected,Storage_Included,Project_Status
RE-00001,India,2023,Solar PV,658.88,27.74,1601094.21,1327.63,874.75,23.77,1181305.2,2068,Yes,No,Operational
RE-00002,Australia,2013,Biomass,966.15,82.15,6952743.89,2997.22,2895.76,54.32,3666128.97,608,Yes,No,Construction
RE-00003,Italy,2016,Geothermal,1456.08,92.33,11776932.3,5157.86,7510.26,22.79,5692503.91,812,Yes,No,Planned
RE-00004,United Kingdom,2016,Solar CSP,556.32,30.33,1478091.06,3068.41,1707.02,18.9,721090.36,676,Yes,No,Planned
RE-00005,Norway,2021,Geothermal,469.24,90.81,3732783.55,5258.1,2467.31,30.5,1471329.09,1340,Yes,Yes,Planned
RE-00006,Sweden,2023,Solar CSP,1058.04,37.18,3446002.42,3876.75,4101.76,32.06,1102371.0,859,Yes,No,Operational
RE-00007,South Africa,2023,Solar PV,952.44,22.86,1907295.39,1203.29,1146.06,32.16,506213.2,1878,Yes,No,Operational
RE-00008,Canada,2023,Solar CSP,422.79,26.46,979983.25,4485.75,1896.53,31.71,629099.37,1180,Yes,No,Operational
RE-00009,Spain,2010,Onshore Wind,135.98,41.61,495652.0,1700.44,231.23,9.1,248084.92,128,Yes,No,Operational
RE-00010,Norway,2021,Geothermal,543.36,72.19,3436123.88,2648.42,1439.05,53.48,2420028.87,1586,Yes,No,Planned
RE-00011,India,2022,Onshore Wind,674.59,31.26,1847281.07,1225.31,826.58,18.73,882793.72,761,Yes,Yes,Planned
RE-00012,China,2010,Onshore Wind,1079.47,34.94,3303981.33,1915.5,2067.72,14.59,1899535.85,759,Yes,Yes,Operational
RE-00013,France,2015,Solar CSP,217.64,22.27,424583.43,4262.93,927.78,20.12,302541.19,542,Yes,Yes,Planned
RE-00014,Spain,2017,Onshore Wind,1174.32,26.9,2767214.62,1732.66,2034.7,13.38,1989387.19,2886,Yes,Yes,Operational
RE-00015,United Kingdom,2018,Hydroelectric,658.93,30.76,1775536.96,4444.13,2928.37,31.78,568392.96,1577,Yes,Yes,Construction
RE-00016,India,2022,Solar PV,1153.2,15.72,1588039.43,1524.41,1757.95,29.21,426716.16,2764,Yes,No,Planned
RE-00017,Italy,2015,Biogas,1429.4,60.18,7535465.18,2836.14,4053.98,41.64,5410628.16,1418,Yes,No,Planned
RE-00018,India,2011,Solar PV,1336.3,28.3,3312794.6,1166.97,1559.42,32.64,2106957.96,3717,Yes,Yes,Construction
RE-00019,Germany,2014,Offshore Wind,1405.28,40.54,4990576.49,3254.2,4573.06,22.13,1630132.68,1469,Yes,Yes,Operational
RE-00020,China,2026,Hydroelectric,1457.77,47.53,6069611.99,2260.47,3295.25,4.43,2214364.49,1274,Yes,Yes,Operational
RE-00021,France,2021,Biogas,872.09,56.99,4353755.84,3529.9,3078.39,71.5,2697116.92,760,No,No,Operational
RE-00022,Spain,2012,Solar PV,994.63,29.29,2552025.63,957.8,952.66,56.99,669727.44,2385,Yes,Yes,Operational
RE-00023,Japan,2017,Geothermal,1449.38,84.9,10779386.91,5745.49,8327.4,47.17,5213890.29,4674,Yes,No,Planned
RE-00024,Chile,2017,Solar PV,796.62,23.7,1653878.71,1480.97,1179.77,44.12,754641.34,1391,Yes,No,Planned
RE-00025,Spain,2017,Onshore Wind,372.51,30.44,993314.31,2069.82,771.03,17.62,300615.69,238,Yes,No,Operational
RE-00026,Mexico,2025,Hydroelectric,1381.53,35.79,4331378.38,2711.1,3745.47,8.76,1332960.18,657,Yes,Yes,Operational
RE-00027,Italy,2020,Offshore Wind,1021.39,44.05,3941319.3,3976.57,4061.63,16.58,2709666.76,3538,Yes,Yes,Operational
RE-00028,Poland,2020,Solar PV,624.98,14.79,809726.59,1036.25,647.64,40.95,243594.87,2125,Yes,No,Operational
RE-00029,India,2024,Biomass,1354.08,87.33,10358858.24,3965.47,5369.56,101.26,5917411.15,4338,Yes,No,Planned
RE-00030,Spain,2024,Solar CSP,578.25,34.07,1725805.63,3299.39,1907.87,19.19,843813.05,1099,Yes,No,Operational
RE-00031,China,2015,Geothermal,569.82,87.14,4349700.46,3328.13,1896.44,52.95,3080344.82,1214,Yes,No,Construction
RE-00032,Japan,2013,Onshore Wind,799.55,39.56,2770805.34,1474.6,1179.02,16.55,973113.2,2319,Yes,Yes,Operational
RE-00033,France,2011,Geothermal,1088.85,72.11,6878086.88,5756.57,6268.04,20.5,5017152.54,3574,Yes,No,Planned
RE-00034,Argentina,2011,Hydroelectric,885.52,33.33,2585459.83,3771.73,3339.94,9.31,1376693.51,2179,Yes,No,Construction
RE-00035,Spain,2023,Biogas,738.74,70.99,4594020.17,3834.97,2833.05,32.78,1417493.11,528,Yes,No,Construction
RE-00036,United Kingdom,2022,Geothermal,1347.65,89.06,10513901.71,3228.03,4350.25,29.57,4281470.95,1303,Yes,No,Operational
RE-00037,Sweden,2016,Geothermal,1094.8,83.82,8038713.51,5757.33,6303.12,46.21,3936435.67,1921,Yes,No,Operational
RE-00038,South Korea,2014,Biogas,955.97,54.27,4544731.09,3011.82,2879.21,69.6,1164138.97,1945,Yes,Yes,Operational
RE-00039,Sweden,2017,Onshore Wind,453.59,46.12,1832554.4,2115.68,959.65,8.44,1371698.72,1617,Yes,Yes,Retired
RE-00040,Sweden,2010,Onshore Wind,975.54,27.08,2314183.79,2266.14,2210.71,7.38,857206.14,892,Yes,Yes,Planned
RE-00041,Argentina,2021,Onshore Wind,55.21,25.12,121490.27,1167.16,64.44,14.88,79058.69,69,Yes,No,Planned
RE-00042,China,2012,Biomass,1047.48,82.65,7583901.85,1908.41,1999.02,52.15,2369679.92,2321,Yes,No,Planned
RE-00043,Italy,2012,Offshore Wind,1102.2,39.44,3808039.28,3801.81,4190.35,20.07,2818338.98,2867,Yes,Yes,Planned
RE-00044,India,2017,Solar PV,260.52,15.47,353049.41,865.18,225.4,59.2,169209.63,839,Yes,No,Operational
RE-00045,Spain,2026,Solar CSP,452.71,32.72,1297590.0,4599.33,2082.16,34.48,934650.45,423,Yes,No,Operational
RE-00046,Mexico,2026,Hydroelectric,417.84,40.66,1488269.2,3169.29,1324.26,22.94,844316.78,786,Yes,Yes,Operational
RE-00047,Poland,2015,Hydroelectric,55.05,44.64,215271.04,3317.22,182.61,10.99,115434.57,134,Yes,No,Operational
RE-00048,China,2014,Geothermal,824.17,80.79,5832819.22,4578.85,3773.75,29.43,2953562.47,2515,Yes,No,Operational
RE-00049,South Korea,2018,Geothermal,1200.01,77.86,8184711.41,5382.05,6458.51,34.77,2520304.78,791,Yes,Yes,Operational
RE-00050,Brazil,2018,Biomass,471.53,79.51,3284242.29,1839.64,867.45,105.31,2227616.19,820,Yes,No,Operational
RE-00051,China,2016,Hydroelectric,1437.69,64.84,8166056.2,4270.74,6140.0,13.64,4849269.77,4226,Yes,Yes,Operational
RE-00052,Italy,2022,Offshore Wind,246.46,38.82,838119.76,5894.33,1452.72,24.82,442514.42,843,No,Yes,Operational
RE-00053,Chile,2016,Biomass,120.99,79.93,847156.01,2971.2,359.49,74.89,275610.76,127,Yes,Yes,Operational
RE-00054,Spain,2013,Biogas,880.08,67.27,5186181.19,1801.88,1585.8,40.84,3484046.4,2372,Yes,No,Construction
RE-00055,Sweden,2010,Hydroelectric,550.55,48.88,2357393.44,2883.06,1587.27,30.18,1158154.99,1743,Yes,No,Operational
RE-00056,South Korea,2012,Biomass,511.55,71.46,3202249.8,3234.81,1654.77,43.92,1438694.79,1893,Yes,Yes,Operational
RE-00057,France,2013,Onshore Wind,38.21,46.33,155075.59,1682.67,64.29,11.0,85173.5,16,Yes,No,Retired
RE-00058,Norway,2023,Onshore Wind,716.78,42.51,2669199.84,2274.33,1630.19,16.37,1952801.58,2304,Yes,Yes,Construction
RE-00059,South Africa,2017,Biomass,830.1,76.59,5569376.65,4418.5,3667.8,118.69,2194969.99,2524,Yes,Yes,Operational
RE-00060,China,2018,Geothermal,735.06,94.64,6093988.47,3966.9,2915.91,54.12,2777566.82,2394,Yes,No,Planned
RE-00061,China,2025,Onshore Wind,1234.05,25.85,2794456.86,1584.51,1955.36,7.63,851306.54,3493,Yes,No,Construction
RE-00062,Japan,2016,Geothermal,74.4,75.86,494413.0,4563.21,339.5,49.33,124715.71,167,Yes,Yes,Operational
RE-00063,India,2025,Geothermal,1007.75,75.94,6703899.67,5440.57,5482.73,28.92,4536343.45,1487,Yes,Yes,Planned
RE-00064,Brazil,2024,Hydroelectric,128.13,41.97,471079.17,4096.45,524.88,29.03,353013.39,187,Yes,Yes,Operational
RE-00065,Mexico,2026,Solar CSP,1051.62,33.09,3048314.07,3677.11,3866.92,42.46,1519457.44,929,Yes,Yes,Operational
RE-00066,Spain,2015,Onshore Wind,952.18,32.9,2744220.85,1646.5,1567.76,19.47,1717831.65,2234,Yes,No,Operational
RE-00067,South Korea,2015,Hydroelectric,1363.69,48.53,5797357.11,4175.42,5693.98,22.31,3343449.5,2015,Yes,Yes,Planned
RE-00068,Argentina,2010,Solar CSP,842.67,37.42,2762265.52,4851.47,4088.19,28.15,1348340.95,3354,Yes,No,Planned
RE-00069,Australia,2023,Onshore Wind,278.58,37.93,925628.85,1232.46,343.34,15.49,673556.71,625,Yes,No,Operational
RE-00070,United States,2014,Offshore Wind,369.85,36.51,1182882.38,4483.94,1658.39,16.77,480587.34,215,Yes,No,Operational
RE-00071,France,2021,Biogas,311.32,60.57,1651842.75,2545.9,792.59,52.08,414332.3,250,Yes,No,Operational
RE-00072,United Kingdom,2010,Biomass,647.56,80.76,4581212.43,4071.25,2636.38,57.13,1884001.72,824,Yes,No,Operational
RE-00073,United Kingdom,2015,Geothermal,1395.65,71.21,8706059.12,3950.92,5514.1,43.46,2831445.54,796,Yes,Yes,Operational
RE-00074,United States,2023,Solar CSP,166.83,33.64,491625.32,3224.92,538.01,32.08,267983.83,576,Yes,No,Operational
RE-00075,Australia,2012,Offshore Wind,1159.63,54.68,5554590.59,3740.77,4337.91,23.62,2650810.13,2982,Yes,No,Operational
RE-00076,China,2019,Biogas,901.5,57.57,4546383.5,2593.66,2338.18,45.65,1314151.23,457,Yes,Yes,Operational
RE-00077,China,2022,Geothermal,1062.43,88.46,8232872.06,3405.18,3617.77,50.6,4502683.48,906,Yes,Yes,Operational
RE-00078,South Africa,2012,Solar CSP,7.01,20.36,12502.59,5479.25,38.41,32.54,3919.0,25,Yes,No,Construction
RE-00079,Canada,2014,Solar CSP,76.73,33.08,222348.81,3384.27,259.68,34.91,148556.26,35,Yes,No,Operational
RE-00080,Norway,2020,Hydroelectric,830.76,43.87,3192620.65,3968.39,3296.78,26.5,1703163.82,2600,No,No,Operational
RE-00081,Brazil,2010,Biogas,1194.25,68.21,7135877.82,2579.11,3080.1,31.11,4958209.22,2175,Yes,No,Operational
RE-00082,Brazil,2021,Geothermal,1288.62,92.81,10476681.62,3006.16,3873.8,33.79,6461466.7,4590,Yes,No,Construction
RE-00083,Italy,2022,Geothermal,1174.66,84.25,8669343.2,2597.54,3051.23,51.16,5919308.5,3844,Yes,No,Operational
RE-00084,South Africa,2013,Solar PV,566.34,25.51,1265586.41,1498.81,848.84,35.79,518341.47,1467,Yes,No,Operational
RE-00085,United Kingdom,2025,Hydroelectric,701.99,36.89,2268525.61,3007.06,2110.93,16.22,715843.12,692,Yes,No,Operational
RE-00086,Canada,2013,Geothermal,1130.5,92.03,9113896.55,3256.83,3681.85,23.08,3125000.81,2576,Yes,Yes,Operational
RE-00087,United Kingdom,2018,Solar PV,1439.04,24.44,3080904.05,1145.96,1649.08,24.43,1159092.01,2102,Yes,No,Retired
RE-00088,South Africa,2020,Biomass,1429.55,57.37,7184363.63,2172.04,3105.04,60.88,3782201.96,1070,Yes,No,Operational
RE-00089,Japan,2012,Hydroelectric,380.63,35.61,1187350.92,4526.19,1722.8,22.11,733266.03,557,Yes,No,Planned
RE-00090,Chile,2010,Onshore Wind,1412.37,27.78,3437041.94,2264.96,3198.96,8.31,1313877.7,4868,Yes,No,Operational
RE-00091,United Kingdom,2014,Solar CSP,1065.66,38.73,3615515.83,5123.73,5460.15,25.18,1863527.96,1379,Yes,No,Planned
RE-00092,China,2010,Solar CSP,776.97,30.79,2095646.59,4089.24,3177.22,31.1,979256.97,679,Yes,No,Operational
RE-00093,Brazil,2026,Biomass,246.2,73.3,1580869.9,2360.84,581.24,56.52,418973.66,203,Yes,No,Operational
RE-00094,France,2026,Biogas,798.3,56.55,3954602.57,3972.65,3171.37,78.19,2455046.21,1666,Yes,No,Operational
RE-00095,Chile,2010,Hydroelectric,514.26,57.81,2604292.86,3792.67,1950.42,27.28,1684502.7,598,Yes,No,Operational
RE-00096,South Africa,2019,Biogas,422.06,52.17,1928853.03,2699.83,1139.49,33.39,629121.18,1129,Yes,No,Operational
RE-00097,Poland,2022,Offshore Wind,692.19,50.18,3042706.65,5018.87,3474.01,16.04,2206055.27,1130,Yes,No,Operational
RE-00098,France,2026,Solar CSP,1338.84,36.49,4279634.19,5475.42,7330.71,30.94,2482178.67,1993,No,No,Construction
RE-00099,France,2016,Offshore Wind,843.17,51.55,3807570.22,4683.06,3948.62,23.42,1750151.53,2301,Yes,No,Operational
RE-00100,Canada,2024,Onshore Wind,1001.57,40.08,3516520.28,1961.78,1964.86,7.26,1453284.37,1113,Yes,No,Operational
RE-00101,India,2021,Biogas,194.91,59.63,1018129.54,1932.77,376.72,43.43,598016.99,716,Yes,No,Planned
RE-00102,Norway,2019,Solar CSP,383.41,33.76,1133887.53,3461.47,1327.16,44.28,510065.78,1099,Yes,No,Planned
RE-00103,France,2020,Biogas,666.47,82.76,4831758.21,3649.56,2432.32,45.94,2523502.66,1441,Yes,Yes,Planned
RE-00104,Australia,2026,Geothermal,1265.14,94.46,10468648.9,5030.97,6364.88,45.59,6608806.19,2694,Yes,Yes,Construction
RE-00105,Poland,2014,Geothermal,387.45,84.65,2873073.48,3757.93,1456.01,23.75,1890562.82,1355,Yes,Yes,Planned
RE-00106,Japan,2012,Solar CSP,208.36,37.04,676066.53,2847.11,593.22,26.7,506579.87,227,Yes,No,Operational
RE-00107,Chile,2025,Biogas,1471.25,52.44,6758545.86,1931.19,2841.26,76.4,2604176.37,5275,Yes,No,Operational
RE-00108,France,2012,Geothermal,828.73,82.52,5990683.64,4807.42,3984.05,41.11,4469175.82,3313,Yes,Yes,Construction
RE-00109,United Kingdom,2026,Solar PV,478.17,21.38,895558.85,1082.3,517.52,22.06,524915.89,799,Yes,No,Operational
RE-00110,United Kingdom,2016,Biomass,1123.48,81.45,8016052.27,3126.4,3512.45,110.91,2580802.88,4004,Yes,Yes,Operational
RE-00111,India,2011,Onshore Wind,80.16,25.01,175620.62,1667.21,133.64,17.07,46964.32,220,Yes,Yes,Planned
RE-00112,Japan,2014,Biomass,808.87,82.03,5812400.69,2050.44,1658.54,68.53,3597287.68,1073,Yes,No,Construction
RE-00113,United Kingdom,2017,Geothermal,552.49,75.48,3653090.4,2991.84,1652.96,45.06,1130467.73,392,Yes,No,Operational
RE-00114,South Africa,2021,Solar CSP,206.68,34.38,622455.68,3846.19,794.93,26.79,427964.49,808,Yes,Yes,Operational
RE-00115,Spain,2021,Offshore Wind,434.34,51.9,1974700.75,4895.76,2126.42,17.37,1311741.3,1284,Yes,No,Operational
RE-00116,Argentina,2020,Solar PV,628.57,26.13,1438789.19,1443.95,907.62,42.45,636930.02,863,Yes,Yes,Operational
RE-00117,Japan,2021,Geothermal,100.05,70.03,613769.53,3006.65,300.82,50.78,351779.17,101,Yes,No,Planned
RE-00118,Canada,2018,Biogas,323.55,70.5,1998180.09,2069.17,669.48,69.17,713442.5,244,Yes,No,Operational
RE-00119,Australia,2012,Solar PV,1290.56,19.13,2162704.96,1024.68,1322.41,22.21,927118.77,1746,Yes,No,Planned
RE-00120,Canada,2021,Hydroelectric,162.0,34.04,483068.45,3782.62,612.78,7.78,326646.62,504,Yes,No,Retired
RE-00121,Japan,2010,Offshore Wind,602.5,42.45,2240468.55,6309.99,3801.77,17.81,1463239.89,610,Yes,No,Retired
RE-00122,Germany,2026,Biogas,596.89,70.47,3684704.64,1907.33,1138.47,45.87,1277133.96,460,Yes,No,Operational
RE-00123,Argentina,2016,Geothermal,647.85,85.83,4870994.98,5721.72,3706.82,52.31,2171226.48,1027,Yes,No,Construction
RE-00124,Poland,2015,Offshore Wind,481.75,42.95,1812545.83,4200.79,2023.73,9.61,603634.52,1446,Yes,Yes,Operational
RE-00125,Sweden,2022,Biomass,386.88,82.28,2788525.81,4304.26,1665.23,85.78,1629820.36,227,Yes,No,Operational
RE-00126,United States,2026,Biogas,58.77,73.81,379992.48,2950.4,173.4,26.72,236252.72,203,Yes,No,Operational
RE-00127,France,2023,Hydroelectric,496.74,60.76,2643936.4,2993.79,1487.14,21.52,1018367.35,485,Yes,No,Planned
RE-00128,South Africa,2011,Biomass,1283.61,61.19,6880462.8,3404.54,4370.1,109.64,3008358.29,980,Yes,No,Operational
RE-00129,Chile,2026,Geothermal,911.21,80.62,6435249.32,3605.94,3285.77,31.7,1989776.14,2971,Yes,Yes,Planned
RE-00130,United States,2011,Biomass,781.17,70.3,4810663.59,3663.34,2861.69,48.89,2810223.08,1371,Yes,Yes,Operational
RE-00131,Brazil,2018,Biogas,322.28,54.89,1549639.55,2052.34,661.43,47.37,462420.31,1228,Yes,No,Operational
RE-00132,Sweden,2019,Offshore Wind,1307.24,49.59,5678760.37,4387.4,5735.38,15.33,1521620.68,3038,No,No,Operational
RE-00133,Argentina,2021,Solar CSP,453.35,39.87,1583375.65,2635.34,1194.73,43.08,1058863.26,373,Yes,Yes,Operational
RE-00134,Australia,2011,Solar PV,851.6,20.36,1518859.26,1100.51,937.19,22.52,1115414.03,1293,Yes,Yes,Planned
RE-00135,Norway,2011,Solar CSP,1301.09,35.57,4054107.97,4990.06,6492.52,44.28,2720619.94,4939,Yes,No,Operational
RE-00136,South Korea,2026,Solar CSP,1457.73,35.51,4534525.73,3948.82,5756.31,28.69,2009569.07,2480,Yes,Yes,Operational
RE-00137,Argentina,2023,Hydroelectric,669.66,62.57,3670494.86,3759.11,2517.33,5.09,1206718.02,764,Yes,No,Planned
RE-00138,South Africa,2024,Biogas,355.3,51.72,1609747.76,1968.64,699.46,29.12,559487.35,869,Yes,No,Construction
RE-00139,Spain,2013,Biomass,1201.07,75.39,7932063.26,4133.17,4964.23,115.65,3362801.3,872,Yes,No,Operational
RE-00140,China,2015,Solar CSP,811.17,24.02,1706824.98,3462.2,2808.43,34.6,1000927.74,1594,Yes,No,Operational
RE-00141,Argentina,2025,Geothermal,282.67,72.68,1799694.31,4091.06,1156.42,35.78,907219.53,557,Yes,No,Operational
RE-00142,Canada,2026,Biogas,889.84,57.98,4519540.07,3130.26,2785.43,28.3,3347594.18,1858,Yes,No,Operational
RE-00143,United Kingdom,2023,Biomass,972.63,80.8,6884352.95,2956.06,2875.15,89.22,4668379.57,2598,Yes,No,Planned
RE-00144,Germany,2021,Onshore Wind,638.2,43.68,2441988.06,1757.49,1121.63,16.58,1171799.53,750,Yes,Yes,Operational
RE-00145,Argentina,2020,Onshore Wind,1121.16,45.58,4476576.62,1454.36,1630.57,8.44,3259052.22,1071,Yes,No,Planned
RE-00146,China,2022,Solar CSP,1062.53,23.85,2219901.43,3573.05,3796.47,29.35,718610.9,1470,Yes,Yes,Operational
RE-00147,France,2021,Biomass,105.83,70.88,657107.78,3911.97,414.0,98.58,432072.38,213,Yes,No,Operational
RE-00148,Spain,2013,Biomass,588.7,62.95,3246339.05,3829.81,2254.61,61.68,1254392.44,512,Yes,Yes,Operational
RE-00149,Spain,2014,Biogas,1144.97,82.55,8279713.16,2795.04,3200.24,66.79,5659897.15,4575,Yes,No,Planned
RE-00150,Spain,2016,Hydroelectric,122.65,30.55,328233.48,3327.04,408.06,19.32,148913.36,299,Yes,No,Operational
RE-00151,Mexico,2013,Geothermal,1189.71,91.2,9504735.96,5980.33,7114.86,49.92,6605311.54,1822,Yes,No,Planned
RE-00152,United Kingdom,2017,Offshore Wind,835.95,41.81,3061713.69,3428.26,2865.85,11.32,854134.45,3191,Yes,No,Construction
RE-00153,South Africa,2013,Geothermal,264.02,90.3,2088472.13,3205.9,846.42,51.53,668368.94,749,Yes,Yes,Planned
RE-00154,Argentina,2019,Biomass,645.51,69.27,3916988.25,2483.19,1602.92,100.94,2490909.47,1137,Yes,Yes,Operational
RE-00155,Mexico,2019,Hydroelectric,1491.12,31.35,4095003.21,2465.59,3676.49,20.09,2682105.76,1074,Yes,No,Operational
RE-00156,Brazil,2012,Offshore Wind,615.66,46.03,2482481.49,5988.71,3687.01,18.92,1477575.41,2424,Yes,No,Planned
RE-00157,France,2014,Solar PV,1094.99,26.07,2500663.7,788.01,862.86,38.73,875935.57,1168,Yes,No,Planned
RE-00158,Japan,2019,Offshore Wind,399.78,41.31,1446706.27,3742.49,1496.17,10.3,1044376.08,738,Yes,No,Operational
RE-00159,Chile,2010,Onshore Wind,243.75,39.7,847694.25,2117.78,516.21,9.74,600759.05,844,Yes,Yes,Planned
RE-00160,United Kingdom,2019,Biomass,928.76,80.08,6515258.83,2146.39,1993.48,101.37,4686137.24,2806,Yes,No,Operational
RE-00161,Sweden,2022,Biogas,1230.94,76.23,8219907.12,2290.85,2819.9,32.66,3034537.07,2720,Yes,No,Planned
RE-00162,Australia,2026,Hydroelectric,370.84,55.78,1812045.88,3969.51,1472.05,20.22,623824.19,1209,No,No,Planned
RE-00163,Norway,2026,Solar CSP,528.72,34.04,1576592.28,3921.8,2073.53,44.6,468096.42,996,Yes,No,Operational
RE-00164,South Africa,2020,Biogas,1325.41,60.55,7030213.21,3448.46,4570.62,46.9,3888983.33,3672,Yes,Yes,Operational
RE-00165,Japan,2022,Biogas,845.72,67.35,4989629.6,1732.5,1465.21,47.64,3405672.26,432,No,Yes,Construction
RE-00166,Argentina,2019,Offshore Wind,1300.05,52.16,5940209.26,6077.11,7900.55,11.67,3063047.39,4167,Yes,Yes,Operational
RE-00167,Canada,2026,Onshore Wind,1065.32,39.62,3697418.91,2067.19,2202.22,13.91,1804587.82,2150,Yes,No,Planned
RE-00168,United Kingdom,2010,Geothermal,868.34,73.53,5593175.92,5894.92,5118.79,51.12,3976461.45,1385,Yes,Yes,Operational
RE-00169,Canada,2012,Solar CSP,107.89,41.78,394869.63,2722.17,293.69,18.98,262046.27,268,Yes,No,Construction
RE-00170,Italy,2017,Biomass,1069.41,69.76,6535138.84,2734.37,2924.16,74.75,2188337.33,3494,Yes,Yes,Operational
RE-00171,China,2024,Biomass,495.97,77.64,3373222.91,4112.31,2039.58,41.61,2133604.65,747,Yes,No,Operational
RE-00172,Poland,2026,Solar CSP,435.46,32.19,1227929.27,4365.59,1901.04,33.31,689817.74,385,Yes,No,Construction
RE-00173,China,2011,Hydroelectric,670.81,44.32,2604374.21,2077.48,1393.59,10.89,1225309.41,2062,Yes,No,Construction
RE-00174,Spain,2026,Solar CSP,749.29,33.63,2207399.35,5283.91,3959.18,29.75,1135328.99,1923,Yes,Yes,Operational
RE-00175,France,2018,Geothermal,1382.61,82.34,9972743.81,3979.62,5502.26,53.49,4739927.77,1453,Yes,Yes,Operational
RE-00176,China,2016,Solar CSP,1100.47,20.71,1996468.27,4209.95,4632.92,19.63,1438531.54,1103,Yes,Yes,Construction
RE-00177,Germany,2017,Onshore Wind,1139.7,30.31,3026081.29,2277.53,2595.7,13.5,1900519.99,3942,Yes,Yes,Operational
RE-00178,Argentina,2021,Biogas,874.08,84.77,6490788.72,3976.67,3475.93,59.24,3696592.48,3055,No,Yes,Operational
RE-00179,South Africa,2024,Geothermal,455.5,81.0,3232045.8,5945.36,2708.11,54.4,2272300.81,1491,Yes,No,Operational
RE-00180,Italy,2012,Onshore Wind,955.37,34.39,2878113.27,2073.93,1981.37,11.34,1195391.24,819,Yes,No,Operational
RE-00181,South Korea,2013,Solar PV,1139.25,22.86,2281389.14,719.04,819.17,32.65,772251.83,3145,Yes,Yes,Operational
RE-00182,United States,2023,Onshore Wind,1273.34,28.57,3186828.76,1888.54,2404.75,12.78,1502353.17,838,Yes,No,Operational
RE-00183,Brazil,2013,Hydroelectric,1355.95,49.23,5847599.46,2280.13,3091.74,10.29,3391567.47,4080,No,No,Operational
RE-00184,Spain,2025,Hydroelectric,540.14,37.85,1790920.59,1947.08,1051.7,14.92,1084768.97,251,Yes,No,Operational
RE-00185,Brazil,2023,Geothermal,1215.97,87.79,9351300.55,2590.63,3150.13,34.0,5159140.37,1561,Yes,No,Operational
RE-00186,Brazil,2011,Solar PV,1236.8,28.81,3121381.42,881.21,1089.88,57.18,808220.79,4613,No,Yes,Construction
RE-00187,Australia,2026,Geothermal,1358.95,94.27,11222279.77,4291.23,5831.57,18.13,7573856.0,3546,Yes,No,Operational
RE-00188,India,2021,Hydroelectric,113.45,55.54,551968.74,4516.73,512.42,18.65,278697.4,172,No,No,Operational
RE-00189,Sweden,2012,Biogas,330.15,66.24,1915736.31,3862.16,1275.09,72.72,685109.21,1153,Yes,Yes,Operational
RE-00190,Australia,2018,Offshore Wind,387.58,50.94,1729515.29,6453.06,2501.08,10.56,508825.38,1095,Yes,Yes,Operational
RE-00191,Japan,2022,Biomass,428.4,66.06,2479089.11,4083.39,1749.32,79.21,1664376.1,859,Yes,Yes,Planned
RE-00192,Spain,2021,Biogas,213.32,55.34,1034129.28,3250.08,693.31,28.08,406719.82,192,Yes,No,Operational
RE-00193,Spain,2014,Onshore Wind,49.03,39.13,168064.45,1585.83,77.75,15.47,51147.64,22,Yes,No,Planned
RE-00194,Germany,2010,Solar CSP,796.13,33.06,2305637.06,2565.49,2042.46,30.45,973937.13,1525,Yes,No,Planned
RE-00195,South Africa,2010,Onshore Wind,902.46,42.57,3365392.46,1470.25,1326.84,17.24,1905409.57,3379,Yes,No,Operational
RE-00196,Mexico,2019,Biogas,505.09,84.57,3741874.41,1638.95,827.82,54.41,2512022.49,790,Yes,No,Operational
RE-00197,United States,2012,Solar PV,78.53,29.13,200391.91,939.23,73.76,40.16,59185.93,151,Yes,No,Operational
RE-00198,Italy,2024,Biogas,1289.44,65.69,7420010.27,2270.77,2928.02,80.61,3301494.5,2979,No,Yes,Operational
RE-00199,Italy,2010,Solar CSP,588.36,24.4,1257584.2,4540.1,2671.21,20.44,738712.98,793,Yes,No,Operational
RE-00200,Germany,2021,Onshore Wind,1279.08,38.15,4274608.62,1377.98,1762.55,18.7,1801000.11,691,Yes,Yes,Operational
RE-00201,Sweden,2022,Geothermal,197.0,90.17,1556081.72,5760.25,1134.77,39.26,941708.91,584,Yes,Yes,Operational
RE-00202,Italy,2024,Biogas,267.69,71.46,1675711.56,1633.9,437.38,85.3,640602.98,145,Yes,Yes,Operational
RE-00203,United Kingdom,2010,Biomass,419.75,61.37,2256581.04,2822.28,1184.65,67.74,946644.48,663,Yes,Yes,Construction
RE-00204,South Africa,2020,Solar PV,1392.86,22.07,2692860.81,1178.64,1641.68,32.58,1715270.79,4391,Yes,No,Operational
RE-00205,United States,2023,Solar PV,1209.79,18.94,2007215.82,1536.32,1858.62,23.77,1499660.37,3837,Yes,Yes,Planned
RE-00206,China,2022,Solar PV,904.01,27.71,2194390.26,788.09,712.44,31.04,1003031.12,499,Yes,Yes,Operational
RE-00207,Canada,2017,Biomass,1319.24,63.92,7386941.9,4213.11,5558.1,71.21,3057483.77,2914,Yes,No,Operational
RE-00208,Germany,2023,Offshore Wind,849.12,44.51,3310783.41,5848.48,4966.06,12.36,2433047.68,2738,No,No,Operational
RE-00209,Germany,2018,Biogas,255.8,78.64,1762171.41,3001.99,767.91,42.12,1259599.22,208,Yes,Yes,Operational
RE-00210,Japan,2013,Hydroelectric,102.22,47.93,429187.84,2627.38,268.57,24.55,132764.4,385,Yes,Yes,Operational
RE-00211,United Kingdom,2019,Solar PV,1077.38,21.08,1989498.53,840.66,905.71,24.17,1491890.47,2197,Yes,No,Operational
RE-00212,Mexico,2025,Biomass,1394.52,86.27,10538739.06,2649.74,3695.12,65.19,5018812.25,2647,Yes,No,Operational
RE-00213,China,2021,Offshore Wind,101.67,35.89,319646.82,5218.8,530.6,13.76,184669.46,75,Yes,No,Operational
RE-00214,United Kingdom,2024,Biogas,553.15,68.8,3333768.67,2312.48,1279.15,28.94,1448319.76,728,Yes,Yes,Operational
RE-00215,Argentina,2020,Onshore Wind,582.84,32.94,1681810.46,1794.08,1045.66,17.03,739044.66,1465,Yes,No,Planned
RE-00216,Canada,2015,Biogas,644.22,74.44,4200922.54,3968.11,2556.34,54.79,1245122.89,1561,Yes,No,Operational
RE-00217,United States,2022,Solar PV,1304.17,24.06,2748741.73,1251.2,1631.78,50.18,1845031.04,4601,Yes,Yes,Planned
RE-00218,Norway,2022,Solar PV,630.91,17.01,940103.85,1005.12,634.14,48.15,331085.56,464,Yes,No,Operational
RE-00219,Canada,2014,Onshore Wind,1458.13,41.29,5274062.04,1893.68,2761.23,11.0,2107317.79,790,Yes,Yes,Construction
RE-00220,Australia,2026,Geothermal,1135.0,81.79,8132052.54,4046.97,4593.31,32.45,3353022.81,2585,Yes,No,Planned
RE-00221,Mexico,2026,Hydroelectric,119.04,43.46,453196.71,2378.26,283.11,14.92,178440.09,122,Yes,No,Operational
RE-00222,Canada,2026,Biomass,605.51,57.65,3057910.27,2509.37,1519.45,118.81,1083967.43,674,Yes,No,Operational
RE-00223,Poland,2016,Solar CSP,1240.32,23.05,2504429.34,3785.18,4694.83,35.69,1713325.74,2146,Yes,Yes,Operational
RE-00224,India,2018,Hydroelectric,432.8,55.33,2097741.78,2012.47,871.0,30.74,1400798.75,311,Yes,Yes,Planned
RE-00225,France,2013,Geothermal,822.86,80.66,5814177.35,5223.0,4297.8,34.56,2909009.8,3259,Yes,Yes,Operational
RE-00226,South Korea,2011,Solar CSP,998.16,35.07,3066479.28,3289.95,3283.9,27.56,1328676.44,2273,Yes,Yes,Operational
RE-00227,South Africa,2014,Biomass,548.21,59.95,2878990.6,4154.68,2277.64,86.18,912332.58,1588,Yes,Yes,Operational
RE-00228,United States,2011,Biomass,1143.61,87.58,8773785.07,1921.18,2197.08,98.59,2508697.87,2895,Yes,No,Operational
RE-00229,Chile,2020,Onshore Wind,1486.88,30.93,4028653.78,1346.34,2001.85,8.61,2125629.77,3787,Yes,No,Planned
RE-00230,Chile,2013,Biomass,834.26,64.81,4736391.02,2690.42,2244.51,114.22,2798960.58,3260,Yes,No,Operational
RE-00231,China,2011,Onshore Wind,355.82,37.14,1157647.56,1187.59,422.57,19.11,361095.56,395,Yes,No,Construction
RE-00232,Canada,2011,Biomass,1038.08,75.84,6896571.68,3844.84,3991.25,105.4,4201221.0,2605,Yes,No,Planned
RE-00233,Sweden,2019,Solar PV,996.85,20.99,1832932.02,1380.51,1376.16,59.91,605224.37,1125,Yes,No,Operational
RE-00234,France,2018,Hydroelectric,874.88,50.48,3868761.35,3903.47,3415.07,26.33,2208186.85,2838,Yes,No,Operational
RE-00235,Brazil,2011,Biomass,410.46,72.4,2603235.83,4157.07,1706.31,92.72,768485.73,1039,Yes,No,Operational
RE-00236,Poland,2026,Solar CSP,508.55,29.82,1328450.58,5092.33,2589.7,36.7,677346.17,877,Yes,Yes,Operational
RE-00237,South Korea,2016,Solar CSP,1416.27,31.11,3859669.99,3204.52,4538.47,18.17,1617791.34,4725,Yes,No,Operational
RE-00238,Norway,2025,Offshore Wind,1438.68,44.25,5576755.28,2988.49,4299.48,23.7,3858184.12,3279,Yes,Yes,Planned
RE-00239,Poland,2018,Geothermal,51.78,87.08,394988.61,5811.89,300.94,48.17,153492.21,30,No,No,Construction
RE-00240,Spain,2024,Biogas,630.23,54.18,2991177.46,1832.21,1154.71,40.13,1999064.84,582,Yes,No,Operational
RE-00241,United States,2012,Onshore Wind,845.41,33.47,2478718.45,1914.01,1618.12,18.86,806814.34,3118,Yes,No,Construction
RE-00242,Norway,2020,Biogas,1036.05,50.58,4590538.63,3899.42,4039.99,63.06,2941309.22,1821,Yes,No,Operational
RE-00243,Norway,2017,Solar PV,510.24,18.0,804546.43,1174.79,599.42,35.01,591314.22,521,Yes,No,Operational
RE-00244,Norway,2011,Onshore Wind,1425.05,31.56,3939773.03,2000.6,2850.96,7.33,1501818.77,2948,Yes,No,Construction
RE-00245,Canada,2022,Solar PV,775.35,23.66,1607002.82,1056.46,819.13,21.65,482062.16,2138,Yes,No,Construction
RE-00246,Japan,2018,Biogas,818.26,71.7,5139425.6,3272.14,2677.46,80.83,1599105.39,3055,Yes,No,Operational
RE-00247,South Korea,2013,Geothermal,6.84,81.13,48611.8,3470.57,23.74,21.64,23117.1,12,Yes,No,Operational
RE-00248,Argentina,2023,Biomass,1370.06,57.93,6952599.64,2898.51,3971.13,115.11,5042945.93,2576,Yes,No,Construction
RE-00249,Australia,2010,Offshore Wind,217.09,49.13,934309.34,3660.44,794.64,19.32,397652.77,779,Yes,No,Operational
RE-00250,Spain,2012,Biomass,297.03,83.41,2170313.85,4022.28,1194.74,111.68,1494778.69,1144,Yes,No,Operational
RE-00251,Japan,2017,Solar CSP,841.0,27.54,2028915.86,3365.66,2830.52,22.24,590848.69,1839,Yes,No,Operational
RE-00252,Spain,2014,Biogas,314.71,78.8,2172405.36,2076.12,653.38,71.58,1368599.1,777,Yes,Yes,Planned
RE-00253,Germany,2022,Onshore Wind,1198.33,40.29,4229390.7,2200.25,2636.63,19.91,1945864.11,3990,Yes,No,Operational
RE-00254,Poland,2016,Geothermal,159.81,75.64,1058911.29,5394.65,862.12,30.86,473377.87,205,Yes,No,Planned
RE-00255,United Kingdom,2011,Hydroelectric,862.66,46.35,3502623.89,3765.7,3248.52,17.87,1573807.41,1810,Yes,No,Planned
RE-00256,India,2021,Hydroelectric,512.73,58.02,2605976.89,4531.68,2323.53,8.76,1410722.74,731,Yes,Yes,Construction
RE-00257,Brazil,2014,Solar CSP,767.2,40.87,2746738.65,3643.92,2795.62,41.27,2042124.08,2723,Yes,Yes,Operational
RE-00258,South Korea,2025,Solar CSP,1033.44,31.72,2871590.79,3663.59,3786.1,39.37,1736678.39,2156,Yes,Yes,Operational
RE-00259,United Kingdom,2020,Hydroelectric,1458.02,38.65,4936476.63,2598.95,3789.32,8.32,3358195.1,1771,No,Yes,Operational
RE-00260,Italy,2018,Hydroelectric,1211.36,42.43,4502465.22,3113.09,3771.07,9.21,2793363.71,3906,Yes,No,Planned
RE-00261,Canada,2010,Biogas,448.84,69.43,2729875.4,2401.83,1078.04,42.68,1310391.36,472,Yes,No,Operational
RE-00262,Japan,2015,Hydroelectric,263.29,56.77,1309354.86,2953.81,777.71,28.27,462380.93,282,Yes,Yes,Operational
RE-00263,Italy,2022,Solar PV,1256.24,15.29,1682612.88,1493.87,1876.66,51.9,1152324.22,3661,Yes,No,Planned
RE-00264,Mexico,2020,Geothermal,474.33,71.81,2983799.43,5790.26,2746.49,32.81,1753496.08,1626,No,Yes,Planned
RE-00265,Italy,2025,Solar CSP,74.26,36.59,238024.39,3564.18,264.68,34.46,120684.1,99,Yes,Yes,Construction
RE-00266,Germany,2013,Solar CSP,325.73,35.22,1004965.65,4560.55,1485.51,31.18,721041.66,582,Yes,Yes,Construction
RE-00267,United Kingdom,2026,Solar CSP,1270.05,32.75,3643646.44,4380.3,5563.2,25.6,2148813.56,4030,Yes,Yes,Operational
RE-00268,Mexico,2020,Biogas,367.9,61.51,1982346.74,3354.47,1234.11,36.95,659876.59,206,Yes,No,Operational
RE-00269,Sweden,2010,Offshore Wind,838.45,41.5,3048101.13,5007.89,4198.87,15.39,2169200.31,1204,Yes,No,Retired
RE-00270,India,2025,Geothermal,698.35,75.5,4618747.23,5287.56,3692.57,44.45,1667261.61,1413,Yes,No,Construction
RE-00271,Italy,2020,Onshore Wind,975.09,31.22,2666746.34,1583.22,1543.78,7.59,1715972.78,1910,Yes,Yes,Operational
RE-00272,Chile,2025,Offshore Wind,97.25,52.65,448530.61,4192.94,407.76,14.46,208862.38,324,Yes,No,Planned
RE-00273,Italy,2021,Offshore Wind,648.09,52.2,2963534.1,4494.22,2912.66,15.05,1519230.81,1000,Yes,Yes,Operational
RE-00274,Poland,2021,Solar PV,1396.14,14.58,1783161.18,1259.31,1758.17,38.31,463854.72,1812,Yes,Yes,Operational
RE-00275,Spain,2016,Solar CSP,794.03,20.02,1392531.7,2985.61,2370.66,17.81,730851.74,1258,Yes,Yes,Planned
RE-00276,Mexico,2016,Hydroelectric,191.16,35.13,588273.49,4940.08,944.35,23.15,326577.07,755,Yes,No,Operational
RE-00277,Sweden,2020,Biomass,630.71,67.67,3738780.76,4314.36,2721.11,47.68,2798606.41,1113,No,Yes,Planned
RE-00278,Poland,2016,Geothermal,1056.89,73.73,6826186.17,4226.87,4467.34,41.94,3263761.07,1012,Yes,No,Operational
RE-00279,Argentina,2022,Onshore Wind,1499.09,25.17,3305331.55,1309.36,1962.85,15.76,925477.69,3782,Yes,No,Construction
RE-00280,Poland,2018,Geothermal,312.25,84.08,2299848.65,5551.25,1733.38,41.67,1117486.69,486,Yes,Yes,Operational
RE-00281,Italy,2026,Solar CSP,334.5,37.93,1111432.45,3005.93,1005.48,23.51,510301.61,524,No,No,Operational
RE-00282,China,2011,Biomass,222.77,85.14,1661477.47,3198.27,712.48,63.59,545816.53,98,Yes,No,Planned
RE-00283,Brazil,2026,Geothermal,152.04,84.8,1129426.1,3177.17,483.06,36.72,463321.58,215,Yes,No,Construction
RE-00284,Mexico,2014,Hydroelectric,1395.96,47.7,5833046.78,4422.49,6173.62,24.27,3528996.05,4157,Yes,No,Operational
RE-00285,Chile,2011,Geothermal,909.77,71.66,5711004.75,3116.92,2835.68,17.43,2995101.0,889,Yes,No,Operational
RE-00286,Italy,2025,Hydroelectric,844.95,46.55,3445520.21,3896.36,3292.23,10.51,2548381.24,636,Yes,No,Operational
RE-00287,Argentina,2022,Onshore Wind,127.64,42.81,478669.91,1866.98,238.3,8.44,138695.94,396,Yes,No,Construction
RE-00288,Argentina,2018,Onshore Wind,1063.71,46.81,4361802.42,1219.03,1296.69,11.24,1602247.63,1931,Yes,No,Operational
RE-00289,Germany,2015,Solar CSP,212.79,25.87,482227.25,5079.04,1080.77,33.07,211695.03,690,Yes,Yes,Retired
RE-00290,India,2012,Solar PV,927.06,14.08,1143443.22,865.88,802.72,45.42,502954.55,3455,Yes,No,Construction
RE-00291,Japan,2026,Solar CSP,692.01,34.14,2069569.39,5255.99,3637.2,22.46,1434788.91,519,Yes,No,Operational
RE-00292,Norway,2017,Geothermal,228.34,75.39,1507994.81,3225.62,736.54,38.91,710190.97,292,Yes,No,Operational
RE-00293,Italy,2016,Biogas,273.73,75.61,1813033.14,2676.3,732.58,26.06,1327152.68,913,Yes,No,Operational
RE-00294,Norway,2010,Geothermal,913.6,76.68,6136804.68,3043.42,2780.47,19.56,3557242.39,2933,Yes,Yes,Operational
RE-00295,Mexico,2017,Offshore Wind,820.67,56.14,4035943.45,6036.85,4954.26,23.57,2724791.31,3178,Yes,Yes,Operational
RE-00296,Argentina,2020,Offshore Wind,255.74,56.92,1275168.74,3523.05,900.98,24.31,803891.14,692,Yes,Yes,Construction
RE-00297,Spain,2013,Offshore Wind,1406.62,41.94,5167843.11,3744.19,5266.65,20.09,2988172.77,2847,Yes,No,Operational
RE-00298,Argentina,2026,Geothermal,244.11,78.31,1674583.86,3458.75,844.32,33.17,578082.68,267,Yes,Yes,Construction
RE-00299,Poland,2026,Geothermal,640.77,92.53,5193843.25,2573.6,1649.09,16.72,3171799.25,2011,Yes,No,Operational
RE-00300,United Kingdom,2010,Biomass,260.36,87.87,2004098.19,1971.89,513.4,105.3,1141829.37,793,Yes,No,Operational
RE-00301,South Korea,2010,Onshore Wind,898.19,33.14,2607503.05,1260.92,1132.55,9.42,1084394.43,586,Yes,Yes,Retired
RE-00302,South Africa,2012,Solar PV,214.71,25.44,478490.68,1240.72,266.39,47.63,142635.92,231,Yes,No,Retired
RE-00303,Sweden,2021,Geothermal,1066.43,94.61,8838396.95,4776.44,5093.74,16.61,6041069.07,1826,Yes,No,Operational
RE-00304,Spain,2023,Solar PV,261.49,14.92,341765.34,772.49,202.0,49.08,233096.69,239,Yes,Yes,Operational
RE-00305,Poland,2019,Solar CSP,1050.18,34.25,3150855.05,3664.16,3848.03,31.65,935960.4,1003,Yes,No,Planned
RE-00306,Norway,2022,Biogas,1392.43,64.58,7877266.14,1608.68,2239.97,29.07,2400546.94,1034,Yes,No,Planned
RE-00307,Japan,2020,Biogas,220.51,76.18,1471544.38,2451.52,540.58,25.84,574335.4,350,Yes,No,Construction
RE-00308,Mexico,2013,Onshore Wind,1211.94,40.58,4308214.01,1353.29,1640.11,15.43,2118589.32,2401,Yes,No,Operational
RE-00309,Australia,2012,Hydroelectric,199.69,63.39,1108871.38,2711.57,541.47,15.01,455790.83,725,Yes,Yes,Operational
RE-00310,Poland,2024,Hydroelectric,518.96,58.07,2639914.23,4614.15,2394.56,18.65,1942130.81,1240,Yes,No,Operational
RE-00311,Argentina,2023,Onshore Wind,153.05,32.1,430370.48,1834.91,280.83,7.56,124660.45,444,Yes,Yes,Operational
RE-00312,Brazil,2018,Solar PV,1145.35,29.22,2931720.33,826.16,946.24,58.39,1604768.74,3103,Yes,No,Planned
RE-00313,Mexico,2018,Solar CSP,800.5,27.12,1901757.46,2815.77,2254.02,34.94,507398.37,1114,Yes,No,Construction
RE-00314,France,2012,Solar PV,136.17,20.93,249663.34,1017.47,138.55,48.82,134696.69,295,Yes,No,Construction
RE-00315,Canada,2018,Biogas,719.35,50.93,3209357.01,3862.02,2778.14,45.75,1213039.2,2875,Yes,Yes,Operational
RE-00316,Poland,2018,Geothermal,108.28,93.33,885265.66,5760.24,623.72,36.84,494261.05,157,Yes,No,Operational
RE-00317,Chile,2011,Solar PV,467.52,14.2,581557.48,1090.63,509.89,48.31,378404.6,1204,Yes,No,Operational
RE-00318,Chile,2019,Biomass,1416.27,64.07,7948860.7,1870.74,2649.47,55.63,3444589.35,2357,Yes,No,Operational
RE-00319,Japan,2018,Biogas,510.87,78.76,3524684.22,1978.24,1010.62,31.73,1767620.77,1440,Yes,No,Operational
RE-00320,United States,2025,Biomass,175.03,56.28,862920.3,2688.15,470.51,77.12,369466.87,423,Yes,No,Construction
RE-00321,United Kingdom,2015,Biomass,519.98,74.31,3384838.93,3410.37,1773.32,61.75,1405246.15,1507,Yes,No,Planned
RE-00322,United States,2018,Geothermal,1282.89,74.08,8325196.63,4127.54,5295.18,31.97,2123463.52,4740,Yes,No,Operational
RE-00323,Italy,2024,Solar CSP,1383.66,32.25,3908977.87,3108.03,4300.46,35.56,2050216.02,5258,Yes,Yes,Construction
RE-00324,South Africa,2014,Offshore Wind,43.49,52.03,198219.94,6229.64,270.93,9.27,60473.93,125,Yes,Yes,Planned
RE-00325,India,2018,Offshore Wind,1360.89,55.19,6579418.67,5806.28,7901.71,16.77,2472909.52,3023,Yes,Yes,Operational
RE-00326,Canada,2019,Solar PV,449.97,17.71,698081.66,1258.03,566.08,51.47,194521.49,1557,Yes,Yes,Construction
RE-00327,India,2016,Solar PV,232.13,22.46,456714.85,777.72,180.53,55.14,325247.14,779,Yes,No,Operational
RE-00328,Canada,2022,Hydroelectric,843.35,41.51,3066653.36,2831.48,2387.93,4.22,1680893.13,1138,Yes,Yes,Operational
RE-00329,Japan,2024,Solar PV,505.67,24.87,1101658.73,1380.89,698.27,33.12,727998.53,1461,Yes,Yes,Retired
RE-00330,China,2020,Hydroelectric,1406.41,61.58,7586749.36,1865.42,2623.55,28.55,3608052.18,4560,Yes,Yes,Construction
RE-00331,China,2023,Solar PV,929.95,18.82,1533145.33,979.33,910.73,58.67,719974.38,1868,Yes,No,Operational
RE-00332,Japan,2023,Hydroelectric,1363.67,62.62,7480428.15,3605.75,4917.05,17.71,4507855.83,4660,Yes,No,Construction
RE-00333,Italy,2021,Solar CSP,1119.45,24.59,2411389.33,3995.12,4472.34,32.65,605834.96,3897,Yes,No,Construction
RE-00334,China,2022,Hydroelectric,588.67,59.9,3088892.77,3124.89,1839.53,21.69,773215.2,1602,Yes,No,Operational
RE-00335,France,2023,Offshore Wind,1022.38,41.4,3707804.2,6348.57,6490.65,20.02,2758493.1,3983,Yes,No,Operational
RE-00336,Italy,2011,Biogas,1148.3,68.23,6863329.39,3683.77,4230.07,32.13,3023091.89,2550,Yes,Yes,Operational
RE-00337,Argentina,2024,Offshore Wind,727.09,36.12,2300594.19,2861.02,2080.22,16.05,764232.92,2136,Yes,No,Operational
RE-00338,United Kingdom,2013,Biomass,1333.3,72.96,8521514.96,4191.9,5589.06,54.15,3536532.43,2793,Yes,No,Operational
RE-00339,Australia,2024,Solar CSP,1295.66,32.17,3651289.08,3532.11,4576.41,30.58,1446764.34,4245,No,No,Operational
RE-00340,India,2018,Offshore Wind,756.4,55.8,3697343.71,3482.45,2634.13,24.55,2425809.74,2646,Yes,No,Operational
RE-00341,France,2022,Solar CSP,211.53,26.76,495863.55,3837.2,811.68,24.67,219919.73,709,Yes,Yes,Construction
RE-00342,China,2020,Onshore Wind,603.15,41.62,2199031.82,2289.68,1381.02,17.41,979060.11,1292,Yes,Yes,Planned
RE-00343,United Kingdom,2015,Solar PV,1209.18,15.39,1630172.95,739.96,894.74,59.91,1116225.98,4326,Yes,Yes,Operational
RE-00344,Italy,2010,Biogas,330.85,82.74,2398008.74,1609.61,532.54,34.31,895027.81,369,Yes,No,Operational
RE-00345,Argentina,2020,Hydroelectric,1335.5,51.09,5977008.88,4022.5,5372.05,15.33,1971631.34,2075,Yes,Yes,Operational
RE-00346,Japan,2012,Biogas,1003.0,69.62,6117008.14,3724.39,3735.56,68.71,3495043.53,1086,Yes,No,Operational
RE-00347,Norway,2017,Biomass,883.94,57.04,4416786.53,4019.74,3553.21,53.41,2880950.61,2054,Yes,No,Operational
RE-00348,Canada,2017,Onshore Wind,1134.06,33.05,3283307.83,1606.13,1821.45,10.21,2231300.67,1667,Yes,Yes,Operational
RE-00349,Australia,2015,Biomass,125.32,60.23,661206.87,2926.04,366.69,109.75,184242.24,146,Yes,No,Operational
RE-00350,France,2014,Biogas,317.62,54.5,1516381.4,2512.0,797.86,62.43,651992.96,825,Yes,Yes,Planned
RE-00351,South Africa,2024,Biomass,483.73,73.86,3129798.89,2551.04,1234.01,39.53,1937122.02,491,Yes,Yes,Operational
RE-00352,United Kingdom,2020,Offshore Wind,1428.48,49.15,6150377.78,4211.22,6015.64,8.66,3383548.17,1045,Yes,No,Operational
RE-00353,South Africa,2015,Onshore Wind,72.03,25.57,161342.3,1659.03,119.5,18.48,60024.4,177,Yes,Yes,Operational
RE-00354,Sweden,2014,Geothermal,659.11,88.35,5101155.48,5496.87,3623.04,45.33,3806092.51,2053,Yes,No,Construction
RE-00355,India,2023,Offshore Wind,1402.09,45.93,5641264.25,5161.66,7237.11,16.75,3810778.33,2738,Yes,No,Operational
RE-00356,India,2019,Biomass,1135.62,85.9,8545358.8,4248.64,4824.84,83.75,4610875.59,1138,No,Yes,Construction
RE-00357,Mexico,2023,Biogas,662.38,57.39,3330025.37,2053.5,1360.2,80.67,1682922.37,479,Yes,No,Operational
RE-00358,Chile,2019,Geothermal,128.2,82.79,929758.19,3912.8,501.62,45.05,448423.58,209,Yes,Yes,Planned
RE-00359,Japan,2012,Solar CSP,1482.28,27.19,3530559.72,2765.17,4098.76,22.46,985757.66,4808,Yes,No,Construction
RE-00360,Australia,2021,Hydroelectric,1441.93,53.82,6798169.32,4417.01,6369.02,28.57,3369524.63,4233,Yes,No,Planned
RE-00361,Italy,2011,Geothermal,1254.34,93.32,10254018.77,3059.52,3837.68,35.99,7320642.52,4837,Yes,No,Operational
RE-00362,United Kingdom,2021,Solar CSP,35.91,23.38,73546.84,4186.99,150.35,34.59,42249.42,114,Yes,Yes,Operational
RE-00363,Norway,2013,Onshore Wind,469.27,29.1,1196244.31,1126.19,528.49,9.05,697469.98,1251,Yes,No,Operational
RE-00364,Poland,2024,Biogas,93.33,65.08,532075.08,2536.62,236.74,52.81,207462.97,267,Yes,No,Construction
RE-00365,Norway,2019,Solar PV,47.6,25.57,106620.76,1190.48,56.67,30.83,44132.57,179,Yes,No,Operational
RE-00366,Spain,2019,Hydroelectric,436.17,45.39,1734283.45,3993.9,1742.02,5.24,1122972.3,618,Yes,No,Construction
RE-00367,Italy,2020,Solar PV,1438.69,22.13,2789027.17,1359.09,1955.31,48.22,1026735.14,2042,Yes,No,Operational
RE-00368,Norway,2017,Offshore Wind,330.62,53.5,1549483.69,4418.88,1460.97,20.01,450467.82,691,Yes,No,Operational
RE-00369,Japan,2026,Solar CSP,486.86,32.4,1381825.53,3272.16,1593.08,33.6,668141.9,844,Yes,Yes,Retired
RE-00370,France,2020,Solar CSP,3.89,40.96,13957.69,2559.94,9.96,27.56,8496.59,14,Yes,No,Retired
RE-00371,Spain,2010,Solar CSP,1480.35,38.69,5017267.36,5286.79,7826.3,22.64,1611691.96,4127,Yes,No,Construction
RE-00372,United Kingdom,2022,Hydroelectric,600.7,34.67,1824381.16,2415.4,1450.93,8.44,1195235.42,1764,Yes,No,Construction
RE-00373,Argentina,2023,Solar PV,1321.97,22.75,2634554.01,1437.9,1900.86,40.45,1283726.08,4647,Yes,Yes,Operational
RE-00374,Italy,2025,Offshore Wind,991.03,44.9,3897958.84,3606.0,3573.65,22.74,1648838.28,3689,Yes,No,Operational
RE-00375,Norway,2024,Geothermal,209.14,92.75,1699241.59,4219.43,882.45,38.44,858258.29,110,Yes,Yes,Construction
RE-00376,Spain,2016,Offshore Wind,140.73,36.68,452189.13,3486.93,490.72,11.25,250580.78,146,Yes,Yes,Operational
RE-00377,United States,2024,Biomass,443.7,69.04,2683455.0,4389.37,1947.56,115.27,1630087.4,287,No,No,Operational
RE-00378,Germany,2010,Hydroelectric,473.99,34.54,1434153.44,4023.35,1907.03,12.49,605833.6,343,Yes,Yes,Operational
RE-00379,Australia,2012,Solar PV,1430.82,16.32,2045546.06,1169.7,1673.63,27.88,589487.31,1614,Yes,No,Construction
RE-00380,Canada,2016,Solar PV,662.09,23.3,1351378.66,910.8,603.03,34.88,386382.72,789,Yes,No,Retired
RE-00381,Japan,2026,Biogas,635.21,52.82,2939137.0,2376.58,1509.63,40.45,755544.22,471,Yes,Yes,Construction
RE-00382,Germany,2014,Offshore Wind,1277.95,40.54,4538388.95,4792.06,6124.01,11.13,2258530.66,1212,Yes,No,Operational
RE-00383,South Africa,2012,Biogas,1394.72,51.51,6293361.58,2956.36,4123.29,60.64,2361926.53,2831,Yes,Yes,Operational
RE-00384,United Kingdom,2017,Solar PV,1353.65,26.74,3170822.25,1552.2,2101.14,46.08,1843708.7,2880,Yes,No,Operational
RE-00385,United States,2020,Biomass,819.66,59.09,4242792.94,2860.36,2344.52,61.63,2857168.42,1445,Yes,No,Operational
RE-00386,Australia,2021,Biomass,721.36,63.57,4017060.52,2452.02,1768.79,57.53,1740841.73,2151,No,No,Operational
RE-00387,Spain,2017,Offshore Wind,1242.46,54.54,5936106.11,3884.24,4826.01,24.21,2656749.89,4075,Yes,Yes,Operational
RE-00388,Mexico,2013,Biogas,1183.92,59.85,6207126.81,3268.52,3869.67,84.16,2113557.25,2147,Yes,No,Operational
RE-00389,United Kingdom,2010,Solar PV,610.49,24.39,1304350.96,1216.59,742.72,26.25,620018.95,1056,Yes,Yes,Operational
RE-00390,Australia,2024,Onshore Wind,809.37,39.19,2778602.82,1195.22,967.38,9.32,834902.35,2552,Yes,Yes,Operational
RE-00391,France,2015,Solar CSP,887.03,33.68,2617064.93,4560.26,4045.09,42.16,1040335.83,2458,Yes,No,Operational
RE-00392,India,2026,Hydroelectric,1092.08,62.04,5935131.54,3459.46,3778.01,13.97,3940157.76,3467,Yes,No,Operational
RE-00393,France,2020,Biomass,1297.91,65.49,7446011.03,3105.58,4030.76,115.84,4833249.85,4663,No,Yes,Operational
RE-00394,Spain,2023,Offshore Wind,1197.85,55.9,5865679.79,5505.22,6594.43,18.66,2720001.33,2679,Yes,Yes,Operational
RE-00395,Italy,2024,Solar PV,1064.2,26.73,2491875.38,1051.44,1118.94,41.16,664687.29,1892,Yes,Yes,Construction
RE-00396,France,2023,Offshore Wind,624.1,40.75,2227849.77,4789.97,2989.42,15.45,1084945.54,1554,Yes,No,Operational
RE-00397,United States,2017,Geothermal,311.85,83.09,2269857.61,3264.87,1018.15,49.4,1017304.6,841,Yes,No,Operational
RE-00398,Spain,2020,Solar CSP,1443.06,35.55,4493948.59,5487.01,7918.08,23.85,2896469.58,3463,Yes,No,Construction
RE-00399,Sweden,2025,Geothermal,1088.9,73.18,6980467.5,4857.81,5289.67,34.37,4951936.64,3598,Yes,Yes,Operational
RE-00400,Canada,2014,Solar PV,1085.79,22.84,2172431.26,1452.3,1576.89,31.19,1107006.65,893,Yes,Yes,Operational
RE-00401,Sweden,2013,Geothermal,1209.54,72.65,7697681.9,4534.82,5485.05,44.85,4815212.4,1311,Yes,Yes,Construction
RE-00402,Germany,2014,Solar PV,674.58,15.82,934854.55,1210.8,816.78,27.42,551090.05,442,No,No,Operational
RE-00403,South Africa,2010,Onshore Wind,502.36,28.51,1254632.04,1383.93,695.23,18.35,692057.96,520,Yes,No,Operational
RE-00404,India,2017,Hydroelectric,1159.72,32.35,3286484.12,2349.98,2725.32,15.91,2248209.56,2705,Yes,No,Planned
RE-00405,Norway,2018,Solar CSP,763.68,35.8,2394961.57,3290.03,2512.53,40.63,623632.22,843,Yes,Yes,Operational
RE-00406,Italy,2017,Biomass,1269.43,57.33,6375214.56,1882.3,2389.45,74.54,4641753.61,1782,No,No,Operational
RE-00407,Italy,2023,Hydroelectric,1029.12,47.91,4319130.19,3153.33,3245.15,29.28,2792489.21,3215,Yes,No,Planned
RE-00408,Chile,2011,Biogas,64.06,64.17,360099.97,3656.17,234.21,43.79,216061.81,27,Yes,No,Operational
RE-00409,Argentina,2025,Solar PV,235.25,28.56,588561.62,894.75,210.49,59.77,325106.35,165,Yes,No,Planned
RE-00410,France,2016,Solar PV,667.81,23.43,1370658.66,1179.74,787.84,47.52,665993.26,1983,No,No,Operational
RE-00411,Chile,2012,Solar CSP,830.72,27.57,2006298.46,5319.95,4419.39,33.82,1023568.52,2718,Yes,Yes,Operational
RE-00412,Australia,2017,Onshore Wind,1182.0,44.63,4621133.02,1616.04,1910.16,17.72,2428016.45,3104,Yes,Yes,Operational
RE-00413,South Korea,2010,Onshore Wind,1112.43,44.32,4318933.83,2296.47,2554.66,8.32,3109028.24,715,Yes,Yes,Operational
RE-00414,United States,2026,Offshore Wind,767.39,53.67,3607877.95,3271.48,2510.5,10.12,1927593.32,954,Yes,No,Construction
RE-00415,Spain,2024,Offshore Wind,779.86,54.14,3698613.95,3476.74,2711.37,9.16,2137712.15,457,Yes,No,Operational
RE-00416,Spain,2021,Biogas,1112.79,58.5,5702603.63,2900.44,3227.58,67.87,4216529.8,3428,Yes,No,Operational
RE-00417,Chile,2012,Offshore Wind,648.52,41.53,2359333.92,3239.66,2100.98,16.7,785225.35,1638,Yes,Yes,Planned
RE-00418,United States,2013,Solar CSP,783.47,27.04,1855808.52,3175.23,2487.7,29.15,1245265.64,2894,Yes,Yes,Construction
RE-00419,Norway,2019,Solar CSP,302.32,36.73,972729.11,4056.79,1226.45,34.6,417952.05,598,Yes,Yes,Planned
RE-00420,China,2021,Solar CSP,1120.15,20.43,2004696.61,3319.4,3718.23,29.05,1098117.05,4154,Yes,No,Operational
RE-00421,Australia,2016,Offshore Wind,79.37,52.08,362102.45,3357.42,266.48,12.37,230882.54,184,Yes,No,Operational
RE-00422,Brazil,2020,Solar PV,920.78,17.65,1423654.79,1232.99,1135.31,35.17,488844.77,826,Yes,Yes,Operational
RE-00423,United Kingdom,2025,Biomass,1247.21,67.28,7350716.5,3354.75,4184.08,83.23,4883586.48,1559,Yes,Yes,Operational
RE-00424,South Korea,2012,Onshore Wind,1368.07,27.52,3298077.49,1695.48,2319.54,11.96,1631491.65,3279,Yes,No,Retired
RE-00425,India,2021,Hydroelectric,991.02,48.48,4208711.3,2869.67,2843.9,8.62,2281254.82,556,Yes,No,Operational
RE-00426,South Africa,2013,Biomass,263.2,59.99,1383148.64,2246.94,591.39,90.97,1031756.49,328,Yes,Yes,Construction
RE-00427,France,2010,Solar PV,743.99,24.47,1594796.13,1182.69,879.91,29.51,1059340.9,2895,Yes,No,Operational
RE-00428,South Korea,2016,Offshore Wind,421.02,52.84,1948810.64,3214.77,1353.48,12.9,1007164.76,964,Yes,No,Operational
RE-00429,Sweden,2014,Solar PV,537.04,21.66,1018988.29,1144.52,614.65,54.25,647342.53,251,Yes,No,Operational
RE-00430,Germany,2017,Offshore Wind,618.07,39.32,2128900.09,5598.34,3460.17,13.46,1159172.57,1394,Yes,Yes,Operational
RE-00431,South Africa,2015,Solar CSP,647.39,26.57,1506820.94,4789.56,3100.71,22.36,440575.41,1223,Yes,No,Operational
RE-00432,India,2010,Biomass,1022.4,62.73,5618239.32,3287.05,3360.68,100.5,2295389.72,2815,Yes,No,Operational
RE-00433,Sweden,2021,Solar PV,1298.66,16.26,1849780.14,1029.5,1336.97,21.95,489851.27,5146,Yes,Yes,Retired
RE-00434,Argentina,2013,Offshore Wind,1088.84,41.53,3961230.41,3060.81,3332.73,19.62,993537.68,3084,Yes,No,Construction
RE-00435,Canada,2022,Hydroelectric,37.7,54.63,180416.67,4968.47,187.31,11.52,69842.77,125,Yes,No,Operational
RE-00436,Poland,2020,Solar CSP,864.24,26.68,2019874.07,5129.03,4432.71,19.88,872782.24,2986,Yes,No,Operational
RE-00437,Italy,2018,Biomass,113.92,77.37,772105.56,3934.62,448.23,107.24,571845.41,321,Yes,No,Construction
RE-00438,South Korea,2013,Biomass,353.94,71.39,2213457.23,3770.51,1334.53,52.23,787260.1,1387,Yes,Yes,Operational
RE-00439,Australia,2016,Solar PV,935.0,28.77,2356435.62,1587.93,1484.71,46.07,1413769.9,1457,Yes,Yes,Retired
RE-00440,South Korea,2012,Biomass,456.16,77.28,3088079.12,3060.95,1396.28,62.47,1214810.51,405,Yes,No,Operational
RE-00441,South Korea,2013,Onshore Wind,1407.98,39.69,4895326.82,2269.48,3195.38,8.42,2748361.22,4868,Yes,Yes,Operational
RE-00442,France,2012,Onshore Wind,489.62,31.24,1339905.84,1943.07,951.37,7.69,563004.17,1411,Yes,Yes,Operational
RE-00443,China,2010,Solar PV,711.18,14.62,910816.76,945.65,672.53,59.79,645949.52,835,Yes,No,Planned
RE-00444,Mexico,2017,Onshore Wind,187.55,34.58,568127.96,2231.12,418.45,18.47,172530.76,462,Yes,No,Planned
RE-00445,Sweden,2017,Offshore Wind,125.54,48.32,531389.73,4311.51,541.27,21.79,223275.21,445,Yes,Yes,Operational
RE-00446,Argentina,2024,Onshore Wind,990.52,28.27,2452975.24,1244.77,1232.97,8.72,708359.98,3515,No,Yes,Construction
RE-00447,United States,2022,Onshore Wind,1495.37,33.0,4322815.6,1471.16,2199.93,12.89,2932112.17,4520,Yes,No,Planned
RE-00448,Germany,2017,Offshore Wind,1003.21,44.2,3884348.86,4570.43,4585.1,16.92,2477682.06,3931,Yes,Yes,Operational
RE-00449,Spain,2012,Onshore Wind,446.11,26.99,1054748.58,1656.26,738.87,9.18,446373.16,1452,Yes,No,Operational
RE-00450,Brazil,2011,Solar CSP,517.8,32.99,1496402.65,4019.83,2081.47,19.46,708394.28,1219,Yes,No,Operational
RE-00451,Mexico,2015,Biomass,1206.61,63.56,6718230.73,3433.98,4143.47,69.85,2742583.81,4462,Yes,No,Construction
RE-00452,Sweden,2022,Onshore Wind,75.25,28.02,184705.04,1929.84,145.22,9.72,67014.5,241,Yes,Yes,Operational
RE-00453,Brazil,2017,Hydroelectric,926.08,60.41,4900737.57,2154.57,1995.3,10.1,2523391.27,1584,No,No,Operational
RE-00454,South Africa,2020,Offshore Wind,98.76,56.44,488283.66,4656.15,459.84,16.56,347160.97,219,Yes,Yes,Construction
RE-00455,Australia,2019,Solar PV,322.3,25.35,715718.72,1279.68,412.44,35.89,180504.59,647,Yes,No,Operational
RE-00456,Argentina,2022,Solar PV,983.58,18.94,1631900.86,1597.88,1571.64,56.65,885559.08,3817,Yes,Yes,Construction
RE-00457,Chile,2012,Onshore Wind,1027.14,36.29,3265282.17,1121.87,1152.32,10.56,2376116.8,1578,Yes,No,Planned
RE-00458,China,2019,Solar CSP,655.84,24.59,1412734.45,2638.19,1730.23,28.88,928714.21,1985,Yes,No,Operational
RE-00459,Chile,2019,Offshore Wind,776.74,50.66,3447029.2,4678.52,3633.99,23.99,1599470.12,355,Yes,No,Operational
RE-00460,India,2016,Solar CSP,412.7,34.63,1251961.77,4612.1,1903.41,27.34,564740.61,430,Yes,No,Planned
RE-00461,France,2020,Solar CSP,449.76,35.01,1379358.15,4720.44,2123.07,24.97,914892.3,299,Yes,Yes,Planned
RE-00462,France,2017,Solar PV,413.12,20.87,755270.94,1055.36,435.99,32.06,240893.51,1140,Yes,No,Operational
RE-00463,Norway,2022,Onshore Wind,1208.57,27.88,2951676.01,1212.77,1465.72,19.34,1421301.08,3225,Yes,No,Planned
RE-00464,Argentina,2014,Solar PV,1163.01,24.6,2506240.03,803.74,934.76,31.74,924632.19,2317,Yes,No,Operational
RE-00465,South Korea,2021,Hydroelectric,877.12,48.18,3701944.6,3574.14,3134.95,10.88,2184945.2,1574,Yes,No,Operational
RE-00466,United Kingdom,2016,Onshore Wind,1289.92,44.45,5022716.29,1241.77,1601.78,16.04,2244739.2,5158,Yes,Yes,Operational
RE-00467,India,2014,Hydroelectric,1038.3,46.83,4259426.4,2506.81,2602.82,19.7,2957719.64,3377,Yes,Yes,Planned
RE-00468,India,2012,Offshore Wind,858.67,55.23,4154372.54,3250.25,2790.89,19.6,1488744.97,716,Yes,No,Planned
RE-00469,Sweden,2015,Biomass,1222.54,79.71,8536502.91,3603.39,4405.29,113.23,3875250.47,2204,Yes,No,Operational
RE-00470,United Kingdom,2013,Solar CSP,324.95,30.67,873040.57,4650.0,1511.02,23.6,549018.77,866,Yes,Yes,Construction
RE-00471,Chile,2012,Geothermal,546.33,88.11,4216813.14,4600.34,2513.3,22.51,2863938.61,323,No,No,Planned
RE-00472,Poland,2010,Hydroelectric,1174.85,52.95,5449447.74,4011.62,4713.05,11.06,3383619.09,1476,No,Yes,Operational
RE-00473,Poland,2024,Offshore Wind,365.24,43.3,1385384.54,5444.17,1988.43,10.7,456533.91,785,Yes,Yes,Operational
RE-00474,United Kingdom,2010,Solar CSP,47.7,33.67,140690.77,4379.97,208.92,17.12,57475.1,168,Yes,No,Operational
RE-00475,Chile,2013,Hydroelectric,1218.01,61.99,6614188.94,4714.12,5741.85,10.94,2681194.66,1191,Yes,No,Operational
RE-00476,Australia,2013,Onshore Wind,155.55,25.16,342834.69,2211.43,343.99,16.15,146623.52,395,Yes,Yes,Operational
RE-00477,Sweden,2016,Biogas,923.23,57.64,4661632.0,3191.03,2946.05,74.85,1553806.19,515,Yes,No,Construction
RE-00478,France,2023,Offshore Wind,353.18,47.23,1461228.57,3556.15,1255.96,20.35,509213.65,511,Yes,No,Operational
RE-00479,China,2017,Biogas,1379.29,79.4,9593568.84,3709.87,5116.99,65.92,5444388.29,3576,Yes,No,Operational
RE-00480,United States,2011,Offshore Wind,1277.61,36.07,4036905.2,4741.74,6058.09,18.45,1409225.53,4630,Yes,No,Construction
RE-00481,Japan,2014,Solar CSP,226.97,26.96,536034.14,3693.85,838.39,22.37,401728.52,278,Yes,No,Operational
RE-00482,France,2025,Biomass,838.29,58.97,4330415.01,4005.41,3357.7,58.35,2271887.07,1994,Yes,Yes,Operational
RE-00483,Germany,2012,Geothermal,453.77,73.62,2926413.55,5703.3,2587.99,35.52,1644022.77,765,Yes,Yes,Operational
RE-00484,Spain,2013,Onshore Wind,759.09,47.64,3167882.97,1390.32,1055.38,13.34,1028788.59,1260,Yes,Yes,Operational
RE-00485,Japan,2017,Offshore Wind,78.32,56.46,387362.57,4330.33,339.15,21.33,177472.77,295,Yes,No,Operational
RE-00486,Germany,2017,Onshore Wind,1492.24,37.78,4938610.06,1996.19,2978.79,15.37,3279049.78,5226,Yes,Yes,Operational
RE-00487,United Kingdom,2020,Biogas,1238.38,65.77,7134866.93,1995.29,2470.93,43.73,3603068.31,4225,Yes,No,Planned
RE-00488,Mexico,2011,Solar CSP,1389.66,33.23,4045228.0,4800.1,6670.51,16.61,2035049.35,3670,Yes,No,Operational
RE-00489,Australia,2019,Biomass,63.75,69.5,388122.75,2377.31,151.55,112.92,286547.14,94,Yes,No,Planned
RE-00490,Italy,2026,Solar CSP,84.03,20.88,153698.26,3182.17,267.4,40.28,86184.81,203,Yes,No,Operational
RE-00491,South Africa,2024,Onshore Wind,1343.96,36.12,4252439.96,2262.58,3040.82,10.6,2463084.3,963,Yes,Yes,Operational
RE-00492,United Kingdom,2017,Offshore Wind,884.71,45.47,3523952.1,3916.55,3465.01,24.85,2536408.64,754,Yes,No,Construction
RE-00493,Australia,2016,Hydroelectric,1119.68,34.35,3369184.3,2861.8,3204.3,26.21,1896316.39,3822,Yes,Yes,Operational
RE-00494,United States,2020,Solar PV,756.81,22.45,1488357.68,1292.1,977.87,35.4,374476.52,2138,Yes,No,Operational
RE-00495,Mexico,2019,Geothermal,1342.48,84.31,9914961.22,4511.98,6057.24,42.26,3085579.79,3798,No,No,Operational
RE-00496,China,2022,Biogas,814.77,59.01,4211771.01,2013.18,1640.28,36.06,2019917.02,824,Yes,Yes,Planned
RE-00497,Poland,2011,Solar CSP,110.7,29.93,290240.79,3235.3,358.15,43.88,204762.82,205,Yes,Yes,Operational
RE-00498,Mexico,2011,Offshore Wind,154.45,47.9,648078.38,3165.43,488.9,9.75,317724.87,307,Yes,Yes,Operational
RE-00499,India,2014,Solar PV,1200.57,28.65,3013118.55,1065.35,1279.03,36.2,1826674.92,3189,Yes,No,Operational
RE-00500,Mexico,2014,Solar CSP,440.62,26.73,1031732.88,3283.89,1446.95,28.82,594826.81,984,Yes,Yes,Planned
RE-00501,Germany,2018,Solar PV,94.15,18.13,149527.9,1423.63,134.03,50.07,102861.49,241,Yes,Yes,Construction
RE-00502,Poland,2015,Offshore Wind,233.14,55.37,1130825.05,4163.33,970.64,8.85,468094.24,823,Yes,No,Planned
RE-00503,India,2024,Geothermal,1238.02,91.49,9922141.0,3651.13,4520.17,45.26,5344754.75,3702,Yes,No,Operational
RE-00504,South Africa,2026,Solar CSP,568.19,24.39,1213974.3,2836.86,1611.88,38.55,640265.46,855,Yes,Yes,Operational
RE-00505,Japan,2024,Hydroelectric,1002.58,56.68,4977978.13,3667.18,3676.64,34.73,1845361.55,1347,Yes,No,Construction
RE-00506,United Kingdom,2018,Solar PV,19.37,24.12,40927.11,1598.83,30.97,31.78,13995.73,27,Yes,Yes,Operational
RE-00507,Spain,2020,Onshore Wind,518.2,34.11,1548400.26,1152.04,596.99,18.93,702111.23,819,Yes,No,Operational
RE-00508,Mexico,2015,Solar PV,220.44,23.64,456501.26,1529.11,337.08,37.51,192599.35,695,Yes,Yes,Operational
RE-00509,Sweden,2016,Offshore Wind,1163.63,50.99,5197614.05,5263.66,6124.95,22.1,2019611.72,1888,Yes,No,Operational
RE-00510,Canada,2016,Solar PV,1085.39,25.98,2470182.66,1299.56,1410.53,28.15,1745450.9,3377,Yes,No,Planned
RE-00511,Japan,2025,Onshore Wind,893.86,34.58,2707687.86,1572.85,1405.91,17.65,1549616.99,606,Yes,No,Planned
RE-00512,France,2014,Solar CSP,1176.31,38.22,3938370.57,3447.09,4054.85,19.36,2947922.28,598,Yes,No,Construction
RE-00513,South Africa,2014,Onshore Wind,1082.65,29.98,2843307.4,2177.75,2357.74,9.85,1701301.55,3486,Yes,No,Operational
RE-00514,Brazil,2013,Solar CSP,683.84,40.46,2423731.38,4185.63,2862.3,26.63,1791586.15,1415,Yes,No,Operational
RE-00515,Mexico,2015,Onshore Wind,1032.07,25.94,2345218.07,1986.36,2050.06,9.62,1036830.29,957,Yes,No,Operational
RE-00516,Chile,2022,Hydroelectric,1227.35,39.37,4232899.41,4279.05,5251.89,14.27,1457667.81,3704,Yes,Yes,Planned
RE-00517,Mexico,2012,Offshore Wind,530.76,43.85,2038787.16,4610.89,2447.28,21.35,515905.18,1994,No,No,Planned
RE-00518,Norway,2012,Geothermal,536.61,81.07,3810860.41,4700.52,2522.35,32.08,2346866.52,392,Yes,Yes,Planned
RE-00519,Chile,2012,Biomass,194.62,81.79,1394414.15,4010.49,780.52,97.79,1018292.17,267,Yes,No,Operational
RE-00520,United States,2011,Biomass,862.12,79.67,6016814.8,2271.29,1958.12,114.19,3099861.6,898,Yes,Yes,Operational
RE-00521,Spain,2021,Geothermal,166.93,72.66,1062512.12,5011.79,836.62,17.21,695822.81,545,Yes,Yes,Construction
RE-00522,Canada,2020,Solar CSP,1416.78,24.57,3049380.93,4548.68,6444.48,18.85,1081914.94,2866,Yes,No,Operational
RE-00523,Norway,2010,Solar PV,526.2,19.86,915449.08,1495.45,786.91,56.5,631900.16,481,Yes,Yes,Construction
RE-00524,Chile,2025,Offshore Wind,485.81,54.79,2331695.62,3726.88,1810.56,24.39,939975.94,235,Yes,Yes,Operational
RE-00525,Brazil,2011,Hydroelectric,939.45,60.62,4988772.61,2960.06,2780.83,9.22,2245010.02,3033,Yes,No,Operational
RE-00526,United Kingdom,2022,Hydroelectric,166.13,64.34,936339.25,2363.34,392.62,9.98,302242.21,407,Yes,Yes,Operational
RE-00527,India,2021,Offshore Wind,423.27,56.05,2078247.23,3933.48,1664.92,11.37,1511475.8,1404,Yes,No,Operational
RE-00528,Japan,2017,Onshore Wind,1128.5,31.85,3148582.71,1888.68,2131.38,11.8,788801.79,4358,Yes,No,Operational
RE-00529,South Africa,2019,Solar PV,435.78,29.55,1128051.39,1259.5,548.86,46.84,538527.65,625,Yes,Yes,Construction
RE-00530,South Korea,2014,Solar PV,454.83,19.33,770167.28,1303.33,592.79,25.97,550452.97,777,Yes,Yes,Planned
RE-00531,Sweden,2014,Biomass,993.74,60.15,5236155.18,2324.07,2309.52,109.74,1696601.25,464,Yes,Yes,Operational
RE-00532,South Africa,2011,Hydroelectric,1015.43,59.77,5316641.2,4206.84,4271.75,25.65,2351454.88,1591,Yes,No,Planned
RE-00533,Poland,2019,Solar CSP,442.64,30.77,1193114.87,4341.14,1921.56,27.8,770235.06,1108,Yes,No,Planned
RE-00534,France,2010,Solar PV,862.13,21.6,1631287.9,1178.49,1016.01,22.69,1139685.97,3170,Yes,No,Operational
RE-00535,France,2020,Offshore Wind,644.3,51.31,2895971.29,2974.36,1916.38,20.09,1139410.96,1769,Yes,No,Planned
RE-00536,Norway,2026,Geothermal,104.04,81.07,738864.2,3384.73,352.15,40.67,411755.7,45,Yes,No,Construction
RE-00537,France,2011,Solar PV,456.18,20.74,828798.77,861.79,393.13,36.83,236675.73,368,Yes,No,Operational
RE-00538,Poland,2013,Geothermal,587.78,89.92,4629938.36,5179.02,3044.12,30.02,2599048.34,716,Yes,Yes,Operational
RE-00539,India,2013,Onshore Wind,1325.19,35.23,4089732.47,1868.01,2475.47,11.68,1612869.91,1498,Yes,Yes,Construction
RE-00540,France,2022,Biogas,24.08,68.49,144473.35,1912.11,46.04,38.65,86398.02,31,Yes,No,Planned
RE-00541,South Africa,2020,Biogas,1303.41,62.66,7154438.34,2917.94,3803.27,58.53,5021667.03,1295,Yes,No,Planned
RE-00542,Germany,2018,Hydroelectric,260.79,50.44,1152312.09,3145.82,820.4,4.47,328315.95,287,Yes,No,Operational
RE-00543,Sweden,2011,Solar PV,802.09,27.69,1945584.8,1374.53,1102.5,31.64,606916.04,2921,Yes,No,Operational
RE-00544,Canada,2024,Biomass,1138.14,72.7,7248267.35,2919.28,3322.55,111.83,4853815.18,691,Yes,No,Operational
RE-00545,South Africa,2026,Onshore Wind,1029.39,27.4,2470783.05,1357.79,1397.7,17.74,1849080.51,776,Yes,Yes,Operational
RE-00546,South Korea,2021,Solar PV,1200.87,28.11,2957065.52,1285.46,1543.67,32.9,2079280.12,1771,Yes,No,Construction
RE-00547,Chile,2025,Biomass,234.7,86.43,1776976.6,3454.4,810.75,91.78,1256376.28,415,Yes,No,Planned
RE-00548,Sweden,2016,Geothermal,102.39,74.58,668935.17,5825.12,596.43,53.75,490802.19,54,Yes,No,Construction
RE-00549,Chile,2011,Solar CSP,914.62,23.14,1853993.28,3979.63,3639.85,22.19,512778.55,629,Yes,No,Operational
RE-00550,France,2021,Biogas,538.25,71.57,3374575.6,2443.74,1315.34,73.51,2195696.85,1912,Yes,No,Operational
RE-00551,Brazil,2010,Onshore Wind,1062.03,37.63,3500862.95,2041.11,2167.72,8.14,2617816.1,4226,Yes,Yes,Construction
RE-00552,South Korea,2023,Offshore Wind,1222.18,53.67,5746069.49,4513.2,5515.94,21.94,3420936.3,1071,Yes,No,Construction
RE-00553,India,2018,Geothermal,1360.99,86.49,10311573.4,3705.36,5042.96,31.56,5698404.18,4269,Yes,No,Construction
RE-00554,Japan,2023,Hydroelectric,94.77,56.42,468390.49,3444.03,326.39,6.32,276118.54,282,Yes,No,Operational
RE-00555,Spain,2013,Offshore Wind,526.75,44.43,2050146.82,5374.95,2831.25,22.37,1251530.77,540,Yes,No,Operational
RE-00556,Italy,2015,Onshore Wind,1187.95,40.43,4207324.5,1487.89,1767.54,11.33,2426288.91,2825,Yes,No,Operational
RE-00557,Mexico,2018,Biogas,298.46,63.19,1652108.62,2398.78,715.94,42.6,881735.8,616,No,Yes,Operational
RE-00558,China,2026,Biogas,1492.3,80.23,10488105.26,1656.87,2472.55,41.33,2849315.5,5006,Yes,No,Operational
RE-00559,Germany,2014,Biogas,902.86,51.07,4039153.67,3150.43,2844.4,72.74,2369016.67,1440,Yes,Yes,Operational
RE-00560,Norway,2020,Biomass,434.83,58.94,2245089.91,2218.42,964.64,49.08,1097614.25,1124,Yes,No,Operational
RE-00561,Spain,2015,Solar CSP,336.02,37.27,1097055.57,5379.44,1807.6,29.77,297318.87,449,Yes,Yes,Planned
RE-00562,Poland,2024,Solar CSP,777.09,38.64,2630343.97,2582.64,2006.94,38.31,810940.37,2662,Yes,Yes,Planned
RE-00563,Poland,2010,Hydroelectric,208.42,57.92,1057479.73,3287.59,685.2,31.32,600346.72,551,Yes,No,Operational
RE-00564,Italy,2019,Onshore Wind,409.58,31.08,1115125.78,1872.96,767.13,17.37,712107.88,1444,Yes,No,Operational
RE-00565,Chile,2022,Solar CSP,454.21,32.35,1287167.55,3007.9,1366.22,39.58,847775.03,1616,No,Yes,Operational
RE-00566,Chile,2020,Solar PV,402.03,22.84,804375.19,915.83,368.19,35.75,464770.63,1370,Yes,No,Operational
RE-00567,Australia,2023,Offshore Wind,56.88,41.08,204688.82,3011.12,171.27,19.35,88872.93,156,Yes,No,Operational
RE-00568,France,2018,Onshore Wind,961.96,37.56,3165094.66,1197.87,1152.3,15.68,1280063.59,434,Yes,No,Operational
RE-00569,Germany,2021,Biogas,361.74,77.05,2441593.07,2287.55,827.5,65.36,1586078.86,646,Yes,No,Planned
RE-00570,Chile,2021,Solar PV,1133.79,19.52,1938726.48,844.25,957.2,46.64,970205.35,2654,Yes,Yes,Construction
RE-00571,Sweden,2016,Geothermal,65.04,79.45,452666.69,5810.13,377.89,34.33,137662.83,187,Yes,No,Operational
RE-00572,Poland,2023,Biogas,1224.08,80.14,8593364.76,3565.23,4364.13,54.61,2659036.22,2997,Yes,Yes,Operational
RE-00573,Brazil,2021,Hydroelectric,1281.37,57.4,6443035.89,4543.17,5821.48,27.56,3876257.31,559,Yes,Yes,Operational
RE-00574,Japan,2017,Geothermal,1116.03,93.72,9162463.45,5920.11,6607.02,50.73,2899580.9,3975,Yes,No,Operational
RE-00575,Australia,2011,Geothermal,1385.79,74.35,9025733.42,3600.76,4989.9,33.24,2818025.9,657,Yes,No,Operational
RE-00576,Chile,2022,Biogas,639.37,65.87,3689300.45,1613.44,1031.59,75.65,2760827.19,1472,Yes,No,Operational
RE-00577,Germany,2014,Onshore Wind,753.7,34.93,2306222.51,1808.55,1363.1,18.04,836285.06,376,Yes,No,Planned
RE-00578,South Korea,2011,Solar PV,953.03,20.45,1707277.0,839.06,799.65,36.06,710581.61,3366,Yes,Yes,Operational
RE-00579,India,2012,Hydroelectric,1377.96,31.76,3833727.24,1841.11,2536.98,9.67,2512766.72,3147,Yes,Yes,Planned
RE-00580,Brazil,2011,Geothermal,50.56,84.32,373458.0,2516.5,127.23,18.83,242818.1,109,Yes,Yes,Construction
RE-00581,Canada,2011,Geothermal,175.6,85.41,1313824.45,4506.49,791.34,53.9,574502.25,111,Yes,Yes,Operational
RE-00582,Brazil,2022,Hydroelectric,1267.25,59.23,6575187.45,3174.81,4023.28,33.97,4864895.3,1096,Yes,No,Operational
RE-00583,Italy,2016,Hydroelectric,392.5,63.32,2177131.56,3117.07,1223.45,27.64,965237.12,343,Yes,Yes,Operational
RE-00584,Sweden,2012,Biomass,513.21,57.19,2571102.04,2658.17,1364.2,55.82,649742.94,1193,Yes,Yes,Construction
RE-00585,Brazil,2022,Onshore Wind,395.92,32.57,1129612.02,1420.98,562.59,19.44,390009.69,419,Yes,Yes,Operational
RE-00586,Norway,2017,Offshore Wind,918.51,49.95,4019050.73,5661.21,5199.88,13.55,2850358.47,2791,Yes,No,Operational
RE-00587,Brazil,2014,Biogas,634.35,53.4,2967387.8,2683.07,1702.01,27.8,747701.55,2380,Yes,Yes,Operational
RE-00588,South Korea,2014,Geothermal,978.92,85.06,7294183.52,3948.78,3865.54,28.83,4371211.3,3848,Yes,No,Operational
RE-00589,South Africa,2017,Biomass,1485.95,78.32,10194853.31,2769.8,4115.78,66.58,4744669.05,790,Yes,No,Operational
RE-00590,India,2011,Hydroelectric,1079.47,39.19,3705868.01,3793.2,4094.65,22.94,2482538.05,960,Yes,No,Operational
RE-00591,United Kingdom,2017,Solar PV,1182.54,16.38,1696812.46,1113.95,1317.29,59.59,853428.81,2594,Yes,Yes,Construction
RE-00592,Germany,2016,Hydroelectric,435.57,31.1,1186649.49,4507.36,1963.27,5.0,741645.92,773,Yes,Yes,Operational
RE-00593,United States,2019,Geothermal,1043.73,74.89,6847248.72,3858.16,4026.88,32.79,2451243.66,2540,Yes,Yes,Operational
RE-00594,United Kingdom,2012,Solar CSP,678.92,29.54,1756844.0,5223.8,3546.54,29.7,1158198.44,823,Yes,Yes,Operational
RE-00595,Mexico,2021,Biomass,1257.41,73.68,8115786.87,3528.2,4436.39,50.07,2179924.86,4086,Yes,No,Planned
RE-00596,Norway,2016,Solar CSP,568.58,38.33,1909125.61,3114.16,1770.65,27.88,818076.84,2095,Yes,No,Operational
RE-00597,Germany,2018,Biogas,368.75,80.97,2615533.42,1932.17,712.49,28.53,1575112.19,749,Yes,No,Operational
RE-00598,United States,2012,Biomass,692.51,62.3,3779359.47,3403.04,2356.64,37.19,1011714.77,2089,Yes,No,Construction
RE-00599,China,2011,Offshore Wind,1154.86,41.17,4164993.35,4241.32,4898.13,9.47,2787692.49,2793,No,Yes,Planned
RE-00600,India,2018,Hydroelectric,1392.86,61.77,7536837.89,4971.3,6924.32,8.08,4883932.72,4591,Yes,Yes,Planned
RE-00601,France,2013,Biomass,749.86,72.21,4743311.42,2236.94,1677.39,96.41,1396590.17,2170,Yes,No,Operational
RE-00602,Japan,2015,Biomass,1428.1,60.04,7511097.66,3668.02,5238.3,78.0,3873846.11,4203,Yes,No,Operational
RE-00603,Argentina,2016,Solar CSP,1298.0,22.42,2549261.62,4292.73,5571.96,20.53,1716340.86,3224,Yes,No,Planned
RE-00604,Italy,2014,Offshore Wind,704.76,52.16,3220200.67,4202.47,2961.73,15.27,1347569.82,664,Yes,No,Planned
RE-00605,India,2024,Solar PV,678.22,18.55,1102093.94,1274.13,864.14,58.19,676162.54,1479,Yes,No,Construction
RE-00606,France,2016,Geothermal,411.14,82.5,2971308.78,3447.08,1417.23,52.71,1497488.88,863,Yes,No,Operational
RE-00607,Spain,2012,Offshore Wind,1303.94,43.26,4941379.73,4400.54,5738.04,11.5,2602620.28,3817,Yes,No,Construction
RE-00608,Argentina,2024,Biogas,307.51,60.36,1625970.2,3701.74,1138.32,43.94,782759.24,904,Yes,No,Construction
RE-00609,Italy,2012,Hydroelectric,1316.23,39.65,4571714.31,2210.81,2909.93,34.26,1603848.64,1174,Yes,Yes,Operational
RE-00610,China,2011,Geothermal,1190.0,73.89,7702589.16,4316.09,5136.15,47.55,2546040.82,1365,Yes,No,Operational
RE-00611,Italy,2022,Solar PV,1443.36,17.34,2192440.75,1284.19,1853.55,28.47,567849.67,4518,No,No,Operational
RE-00612,France,2011,Offshore Wind,305.13,55.19,1475194.92,5356.34,1634.38,13.8,758117.66,857,Yes,Yes,Operational
RE-00613,Poland,2011,Onshore Wind,593.1,35.73,1856372.16,1277.4,757.63,12.34,874001.16,470,Yes,No,Operational
RE-00614,United Kingdom,2024,Biogas,1281.64,70.13,7873611.8,2787.75,3572.89,84.21,5267366.37,4262,Yes,Yes,Construction
RE-00615,Argentina,2017,Hydroelectric,1025.89,56.62,5088324.12,2745.0,2816.07,12.82,2520836.08,1420,Yes,No,Construction
RE-00616,Italy,2023,Geothermal,1069.59,75.62,7085297.87,5007.6,5356.08,43.6,2715814.89,2568,Yes,Yes,Construction
RE-00617,United States,2026,Hydroelectric,1299.5,44.05,5014484.61,3743.06,4864.11,34.74,2678831.48,1057,Yes,No,Operational
RE-00618,United Kingdom,2017,Solar PV,1136.3,21.44,2134135.03,1481.65,1683.6,49.4,1572872.62,4089,Yes,No,Operational
RE-00619,Sweden,2026,Onshore Wind,392.25,40.29,1384408.72,2203.9,864.48,9.09,933007.96,174,Yes,No,Operational
RE-00620,Australia,2021,Offshore Wind,491.16,48.32,2078997.77,6046.61,2969.85,21.14,562091.63,1863,Yes,No,Operational
RE-00621,Australia,2023,Biomass,223.52,60.92,1192835.04,3830.69,856.24,47.71,578194.06,678,Yes,Yes,Planned
RE-00622,France,2014,Geothermal,67.64,75.49,447298.18,3501.25,236.82,54.98,179521.23,33,Yes,Yes,Operational
RE-00623,United States,2026,Offshore Wind,1057.25,36.17,3349888.17,4460.14,4715.48,10.92,1043397.47,2657,Yes,No,Operational
RE-00624,Australia,2012,Hydroelectric,777.47,39.06,2660234.89,4506.51,3503.68,5.1,1409271.91,2330,Yes,No,Operational
RE-00625,Sweden,2024,Solar PV,118.74,16.56,172250.89,1042.89,123.83,54.16,55515.2,421,Yes,No,Operational
RE-00626,Australia,2018,Solar CSP,657.83,35.19,2027855.7,4225.8,2779.86,30.05,1132129.15,2390,Yes,No,Construction
RE-00627,Germany,2020,Onshore Wind,650.25,39.37,2242590.0,1676.64,1090.24,16.85,1647084.22,2507,Yes,No,Operational
RE-00628,Spain,2015,Biomass,386.7,55.12,1867185.59,4410.19,1705.42,108.43,946381.73,508,Yes,No,Planned
RE-00629,Japan,2026,Biogas,524.27,58.55,2688970.34,2241.72,1175.27,31.07,1202031.85,242,Yes,Yes,Construction
RE-00630,Mexico,2011,Solar PV,1299.13,17.54,1996118.44,797.73,1036.35,20.4,1212846.56,1719,Yes,Yes,Retired
RE-00631,Chile,2012,Geothermal,618.48,91.29,4945987.03,3130.57,1936.19,25.68,3235910.82,855,Yes,Yes,Planned
RE-00632,Norway,2026,Solar PV,874.94,17.23,1320588.94,1329.95,1163.63,47.09,370071.0,3124,Yes,No,Operational
RE-00633,India,2012,Offshore Wind,1053.97,53.26,4917377.14,4228.32,4456.52,8.4,3241176.1,1203,Yes,Yes,Operational
RE-00634,United States,2015,Onshore Wind,1375.04,32.16,3873784.69,1958.86,2693.51,19.86,2265100.29,3149,Yes,No,Operational
RE-00635,Australia,2026,Biomass,1182.28,69.0,7146173.23,2697.6,3189.32,110.1,2271717.82,4088,Yes,No,Operational
RE-00636,Brazil,2011,Onshore Wind,1267.31,33.45,3713497.11,1516.88,1922.36,13.63,1736220.03,3623,Yes,No,Planned
RE-00637,United Kingdom,2010,Geothermal,686.55,86.51,5202865.39,5573.3,3826.35,38.75,3445556.69,825,No,No,Operational
RE-00638,Spain,2017,Onshore Wind,677.15,26.35,1563038.26,2260.09,1530.42,17.64,747328.56,952,Yes,Yes,Construction
RE-00639,France,2019,Hydroelectric,351.92,51.81,1597208.63,4933.54,1736.21,7.79,765450.27,766,Yes,No,Operational
RE-00640,Brazil,2012,Solar CSP,1284.67,26.85,3021620.92,4391.0,5640.99,33.8,2023233.37,3935,Yes,No,Operational
RE-00641,Argentina,2016,Biomass,569.17,68.81,3430817.88,2149.13,1223.22,71.04,1525761.75,298,Yes,No,Planned
RE-00642,Italy,2019,Onshore Wind,1281.27,43.31,4861082.0,1227.77,1573.1,19.7,1251114.77,3265,Yes,Yes,Operational
RE-00643,China,2016,Solar CSP,91.86,20.19,162467.64,2784.59,255.79,17.95,90241.82,210,Yes,Yes,Operational
RE-00644,China,2010,Offshore Wind,1365.06,45.08,5390632.86,3101.49,4233.72,21.58,3733472.63,2578,Yes,Yes,Operational
RE-00645,Argentina,2025,Hydroelectric,1017.15,41.1,3662106.17,3857.24,3923.39,29.79,1786796.64,3408,Yes,No,Operational
RE-00646,South Africa,2025,Offshore Wind,775.07,43.86,2977924.35,4261.25,3302.77,17.31,1272931.69,2327,Yes,No,Operational
RE-00647,United Kingdom,2011,Onshore Wind,983.38,36.61,3153735.06,1688.93,1660.86,16.35,1984102.69,3389,Yes,No,Operational
RE-00648,Norway,2012,Onshore Wind,833.73,42.77,3123696.17,1347.05,1123.08,14.22,1027855.02,1555,Yes,No,Operational
RE-00649,Norway,2025,Solar PV,1159.47,22.42,2277189.8,1555.05,1803.03,36.97,1466593.27,1164,Yes,Yes,Operational
RE-00650,Brazil,2016,Onshore Wind,951.64,29.37,2448390.81,1260.56,1199.6,19.6,1417912.46,3588,Yes,Yes,Operational
RE-00651,Mexico,2019,Onshore Wind,23.45,44.81,92049.6,1905.96,44.69,16.68,45745.02,61,No,No,Operational
RE-00652,Canada,2014,Onshore Wind,954.62,47.62,3982208.79,2264.53,2161.77,16.13,2967936.09,2865,Yes,No,Operational
RE-00653,Spain,2013,Hydroelectric,626.89,37.06,2035170.8,4851.2,3041.17,34.86,886251.68,1851,Yes,Yes,Operational
RE-00654,United Kingdom,2013,Offshore Wind,323.32,37.58,1064372.03,3604.49,1165.4,23.4,311446.79,507,Yes,No,Operational
RE-00655,Mexico,2010,Geothermal,973.21,84.09,7168941.25,4787.67,4659.41,37.69,3361887.84,1616,Yes,Yes,Operational
RE-00656,Sweden,2022,Solar CSP,163.97,21.38,307097.45,4456.54,730.74,26.93,199893.57,618,No,No,Operational
RE-00657,Mexico,2020,Biomass,942.66,75.54,6237867.79,2668.8,2515.77,40.42,2214458.16,901,No,Yes,Operational
RE-00658,Australia,2018,Solar PV,540.72,22.43,1062443.42,1326.21,717.11,32.69,519349.96,1806,Yes,No,Retired
RE-00659,Australia,2016,Geothermal,1120.89,85.07,8353020.24,4733.1,5305.28,44.59,5219515.49,4022,Yes,Yes,Operational
RE-00660,China,2020,Onshore Wind,1186.71,34.66,3603107.89,1761.34,2090.2,11.34,1205305.07,1587,Yes,Yes,Retired
RE-00661,South Korea,2014,Geothermal,1084.88,84.35,8016243.41,4848.11,5259.62,40.76,4836795.19,3970,Yes,Yes,Construction
RE-00662,Spain,2025,Hydroelectric,823.28,50.88,3669431.41,3024.41,2489.94,27.99,2244838.67,2446,Yes,No,Operational
RE-00663,Mexico,2026,Geothermal,179.67,85.8,1350414.09,4924.32,884.75,34.09,532203.86,427,Yes,No,Operational
RE-00664,Poland,2023,Onshore Wind,594.59,27.21,1417262.35,1834.3,1090.66,13.99,477048.44,1517,Yes,No,Operational
RE-00665,United States,2014,Geothermal,1426.88,84.03,10503303.63,2303.13,3286.29,47.83,3659130.74,4608,No,No,Operational
RE-00666,China,2016,Geothermal,475.97,85.73,3574509.95,4471.44,2128.27,17.18,902888.6,289,Yes,Yes,Planned
RE-00667,Germany,2018,Onshore Wind,1195.54,44.28,4637413.58,2055.43,2457.35,12.09,3162390.04,3671,Yes,No,Operational
RE-00668,South Korea,2010,Geothermal,682.24,90.29,5396111.78,2404.62,1640.53,15.05,2774390.61,453,No,Yes,Construction
RE-00669,Italy,2014,Geothermal,1451.36,79.54,10112646.88,2303.68,3343.47,16.08,5326196.47,5736,Yes,No,Operational
RE-00670,Italy,2013,Biogas,899.95,58.79,4634746.1,3069.07,2762.01,83.48,1160900.39,1101,Yes,Yes,Operational
RE-00671,France,2020,Hydroelectric,154.94,55.85,758037.75,4638.47,718.68,32.72,439728.53,172,Yes,No,Planned
RE-00672,Germany,2012,Solar PV,489.36,22.16,949953.46,962.52,471.02,59.19,342563.38,846,Yes,Yes,Operational
RE-00673,Mexico,2024,Onshore Wind,211.4,38.43,711671.34,1628.63,344.29,9.22,182307.48,292,Yes,No,Construction
RE-00674,Australia,2018,Solar PV,641.1,25.32,1421980.32,1298.81,832.67,28.68,571339.25,1479,Yes,No,Operational
RE-00675,Australia,2026,Offshore Wind,174.25,56.99,869912.46,5793.47,1009.51,22.26,563232.47,200,Yes,No,Operational
RE-00676,Brazil,2011,Geothermal,492.86,82.0,3540311.95,4380.37,2158.91,48.48,2246388.52,1396,Yes,No,Operational
RE-00677,Germany,2013,Solar PV,16.36,19.43,27845.83,930.5,15.22,42.88,7828.88,22,Yes,No,Operational
RE-00678,Mexico,2017,Solar PV,1436.92,23.35,2939162.38,1311.2,1884.09,41.25,1920056.68,5211,Yes,No,Operational
RE-00679,South Korea,2021,Onshore Wind,599.33,25.16,1320932.91,2342.19,1403.74,18.29,522321.01,2392,Yes,No,Operational
RE-00680,Spain,2026,Onshore Wind,998.72,28.0,2449660.42,1649.06,1646.95,11.02,1441348.72,888,Yes,No,Operational
RE-00681,United Kingdom,2017,Hydroelectric,1069.61,56.79,5321100.11,2103.62,2250.05,30.41,3256439.57,1734,Yes,No,Operational
RE-00682,India,2011,Biomass,1498.89,74.09,9728221.78,3983.54,5970.89,98.26,6594802.41,5750,Yes,Yes,Operational
RE-00683,Spain,2017,Onshore Wind,856.51,43.35,3252562.46,2311.23,1979.59,12.43,1980701.0,949,Yes,No,Operational
RE-00684,India,2012,Hydroelectric,974.58,42.54,3631776.27,1818.34,1772.12,7.58,2674913.36,3625,Yes,Yes,Operational
RE-00685,Poland,2021,Offshore Wind,535.88,36.55,1715769.87,4290.34,2299.11,12.43,707695.03,528,Yes,Yes,Operational
RE-00686,Spain,2011,Geothermal,1194.17,93.9,9822812.52,2696.55,3220.14,50.36,5917247.22,3454,Yes,Yes,Operational
RE-00687,Poland,2026,Hydroelectric,910.15,44.08,3514460.49,3540.06,3221.99,5.26,1183759.83,2406,Yes,No,Operational
RE-00688,Japan,2019,Hydroelectric,103.33,54.18,490421.54,4089.89,422.61,12.53,170580.78,120,Yes,No,Operational
RE-00689,Canada,2021,Hydroelectric,158.51,30.94,429616.63,2821.73,447.27,9.95,319776.99,236,Yes,No,Operational
RE-00690,China,2019,Solar CSP,547.5,33.77,1619642.97,3946.18,2160.53,40.39,865733.0,790,Yes,No,Operational
RE-00691,Argentina,2026,Geothermal,1318.77,74.92,8655076.96,5189.67,6843.98,39.04,4478185.71,2967,Yes,No,Operational
RE-00692,France,2015,Biomass,1362.15,78.49,9365767.45,1937.58,2639.27,110.14,6212628.34,3225,Yes,No,Operational
RE-00693,South Korea,2015,Biogas,943.74,81.95,6774939.59,2458.71,2320.38,80.9,4804655.08,448,Yes,No,Operational
RE-00694,Sweden,2016,Solar CSP,918.63,36.28,2919523.72,4655.98,4277.12,17.58,960888.51,806,No,No,Planned
RE-00695,Italy,2011,Biogas,861.83,56.55,4269316.22,2484.12,2140.89,42.36,2836813.3,792,No,No,Operational
RE-00696,Australia,2020,Geothermal,964.98,81.41,6881770.31,4706.83,4542.0,50.16,3362182.57,2231,Yes,Yes,Planned
RE-00697,Poland,2012,Biomass,592.46,67.77,3517228.84,2556.11,1514.39,69.21,1966146.94,901,Yes,No,Operational
RE-00698,United Kingdom,2021,Solar CSP,72.18,20.81,131580.96,3678.65,265.52,42.91,80968.91,119,No,No,Operational
RE-00699,Brazil,2017,Geothermal,318.1,92.14,2567532.7,3572.46,1136.4,41.32,1141328.88,1159,Yes,Yes,Planned
RE-00700,Italy,2012,Geothermal,428.29,91.95,3449798.86,2406.87,1030.84,27.56,1788424.72,695,Yes,Yes,Operational
RE-00701,Argentina,2010,Solar PV,237.31,29.25,608059.41,1217.86,289.01,39.56,268860.72,700,Yes,No,Operational
RE-00702,China,2022,Solar CSP,1345.77,38.11,4492767.02,3052.62,4108.12,17.74,1503820.33,4334,Yes,No,Operational
RE-00703,France,2024,Solar PV,804.82,27.16,1914840.62,1193.53,960.58,25.84,554556.56,3095,Yes,No,Operational
RE-00704,Australia,2020,Offshore Wind,94.99,37.74,314039.22,5721.71,543.51,17.34,98692.6,49,Yes,Yes,Operational
RE-00705,Brazil,2013,Solar CSP,1107.74,38.82,3767016.09,5194.71,5754.39,26.7,1543372.34,4430,Yes,Yes,Operational
RE-00706,Italy,2022,Biomass,813.58,55.45,3951899.76,4390.38,3571.93,83.93,2152122.1,944,Yes,No,Operational
RE-00707,Brazil,2020,Solar CSP,987.63,38.38,3320498.97,3118.27,3079.7,41.33,1596298.45,738,Yes,Yes,Operational
RE-00708,India,2012,Solar PV,280.9,29.88,735252.38,845.37,237.46,43.98,525315.93,954,Yes,No,Operational
RE-00709,India,2010,Biogas,651.79,53.13,3033553.2,2458.61,1602.5,39.54,2148281.57,2325,Yes,Yes,Operational
RE-00710,Sweden,2022,Biomass,963.74,67.19,5672423.3,3076.25,2964.71,76.58,2098592.79,1475,Yes,No,Planned
RE-00711,India,2019,Onshore Wind,1097.01,43.56,4186032.19,1247.56,1368.59,15.49,2055573.54,2699,Yes,No,Operational
RE-00712,Chile,2021,Solar PV,271.11,26.5,629354.75,1238.27,335.71,27.09,413476.93,453,Yes,No,Operational
RE-00713,Brazil,2018,Solar PV,412.6,20.79,751428.77,1517.5,626.12,40.12,532156.75,982,Yes,No,Operational
RE-00714,United States,2024,Biomass,241.93,55.71,1180665.82,4357.07,1054.11,120.0,745136.06,190,Yes,No,Operational
RE-00715,South Africa,2018,Geothermal,992.98,70.6,6141144.39,4105.86,4077.04,44.3,2113245.69,1983,Yes,No,Planned
RE-00716,Norway,2022,Hydroelectric,875.88,51.11,3921521.47,3544.57,3104.62,5.84,2349572.52,2609,Yes,No,Construction
RE-00717,Mexico,2016,Biogas,30.52,52.07,139211.85,2444.32,74.6,55.04,46418.18,33,Yes,No,Operational
RE-00718,Brazil,2025,Solar CSP,167.25,21.92,321152.11,3673.84,614.45,16.37,133861.83,645,Yes,No,Operational
RE-00719,Spain,2014,Solar CSP,1419.87,28.44,3537384.61,4445.22,6311.63,44.28,1858520.22,2128,Yes,Yes,Operational
RE-00720,South Korea,2015,Hydroelectric,1007.25,40.44,3568227.44,2507.72,2525.9,25.18,2532606.63,1487,Yes,No,Planned
RE-00721,Sweden,2025,Biogas,440.44,54.21,2091559.71,2655.99,1169.8,44.22,1447219.88,234,Yes,No,Construction
RE-00722,Australia,2012,Geothermal,114.41,78.98,791562.52,2233.12,255.49,54.25,555172.85,57,Yes,No,Operational
RE-00723,India,2024,Geothermal,241.57,89.77,1899670.73,4306.95,1040.43,30.1,613327.47,964,Yes,No,Planned
RE-00724,Japan,2025,Hydroelectric,1216.97,51.57,5497700.92,4641.46,5648.52,13.28,3308808.16,2258,Yes,No,Retired
RE-00725,China,2018,Solar PV,861.22,28.36,2139559.85,1587.07,1366.82,51.14,604622.99,1344,Yes,No,Construction
RE-00726,France,2016,Biogas,605.46,78.31,4153428.96,2305.07,1395.63,69.51,2546485.0,2083,Yes,No,Operational
RE-00727,Spain,2012,Geothermal,626.59,71.38,3917997.09,5801.25,3635.01,51.08,1075360.31,2141,Yes,No,Operational
RE-00728,Mexico,2016,Hydroelectric,4.87,47.39,20217.14,4837.54,23.56,21.75,8824.17,2,Yes,Yes,Construction
RE-00729,Japan,2021,Geothermal,381.57,71.59,2392933.84,3663.0,1397.69,27.69,1436067.08,1278,Yes,Yes,Operational
RE-00730,China,2013,Solar CSP,1190.3,37.08,3866341.98,2927.16,3484.2,31.53,1783753.14,4724,Yes,No,Operational
RE-00731,China,2017,Hydroelectric,1157.64,42.88,4348429.24,3824.03,4426.85,19.86,3243774.73,1187,Yes,No,Operational
RE-00732,Argentina,2014,Biogas,1445.52,81.9,10370796.51,3934.97,5688.08,89.8,6065879.37,2928,Yes,Yes,Planned
RE-00733,South Africa,2018,Geothermal,1010.16,79.35,7021682.77,3600.77,3637.35,16.27,3243278.16,1889,Yes,No,Operational
RE-00734,Japan,2021,Solar CSP,167.97,32.71,481300.57,2980.13,500.57,30.85,253295.47,455,Yes,No,Operational
RE-00735,Chile,2017,Geothermal,560.17,86.65,4251992.79,3852.32,2157.95,46.17,1968655.86,699,Yes,No,Planned
RE-00736,China,2022,Onshore Wind,657.25,29.51,1699041.2,2222.53,1460.76,7.74,763908.23,2289,Yes,Yes,Operational
RE-00737,Italy,2020,Biogas,228.9,72.92,1462165.59,2651.59,606.95,46.74,541677.87,770,Yes,No,Operational
RE-00738,France,2010,Offshore Wind,762.02,45.53,3039261.9,5820.09,4435.02,23.48,1955428.7,1903,Yes,No,Operational
RE-00739,Poland,2023,Hydroelectric,1285.42,39.35,4430919.87,4689.02,6027.36,30.31,2048163.39,4720,Yes,Yes,Operational
RE-00740,Germany,2024,Solar PV,1413.16,18.08,2238174.11,953.09,1346.87,45.39,563867.55,4266,Yes,No,Construction
RE-00741,France,2010,Offshore Wind,139.85,37.03,453649.35,6324.7,884.51,19.63,210403.93,156,Yes,No,Construction
RE-00742,Argentina,2013,Biomass,757.87,62.36,4140043.73,2823.11,2139.55,117.04,2469821.82,2612,Yes,Yes,Construction
RE-00743,United States,2018,Solar PV,266.1,20.6,480193.42,1271.36,338.31,49.41,178444.87,945,Yes,Yes,Planned
RE-00744,Germany,2024,Offshore Wind,725.62,40.12,2550200.2,5338.54,3873.75,21.28,1070351.22,2759,Yes,Yes,Operational
RE-00745,Sweden,2021,Geothermal,376.77,83.85,2767473.61,3409.87,1284.74,37.16,1604204.38,1470,Yes,No,Operational
RE-00746,Argentina,2017,Offshore Wind,1481.82,39.76,5161143.5,5724.02,8481.97,10.49,3365972.04,1583,No,No,Operational
RE-00747,Australia,2021,Offshore Wind,905.83,42.76,3393036.27,3764.72,3410.2,20.22,2105992.08,1429,Yes,Yes,Operational
RE-00748,Mexico,2021,Biogas,415.72,67.75,2467256.63,2287.26,950.86,38.97,1484283.6,984,Yes,No,Operational
RE-00749,South Korea,2014,Solar PV,1188.31,17.15,1785245.65,918.01,1090.88,53.66,1107916.78,3097,Yes,No,Construction
RE-00750,Spain,2022,Solar PV,26.92,16.95,39971.35,1229.89,33.11,47.77,10660.92,14,Yes,Yes,Operational
RE-00751,Mexico,2012,Biogas,972.68,77.2,6577962.49,3929.24,3821.89,86.65,2543583.47,492,Yes,Yes,Operational
RE-00752,Argentina,2023,Onshore Wind,329.8,41.24,1191443.4,1956.83,645.36,13.96,840429.07,254,Yes,No,Construction
RE-00753,Germany,2019,Offshore Wind,111.99,57.04,559580.88,3928.74,439.98,14.1,314380.88,425,No,Yes,Operational
RE-00754,Japan,2026,Geothermal,764.03,79.05,5290739.66,5942.08,4539.93,20.64,2409745.49,2707,Yes,No,Planned
RE-00755,Canada,2010,Hydroelectric,1394.72,44.99,5496764.47,3885.18,5418.74,16.22,3610462.0,3449,Yes,Yes,Operational
RE-00756,United States,2013,Biomass,1039.59,64.77,5898479.8,3304.71,3435.54,40.95,1977891.1,2746,Yes,Yes,Operational
RE-00757,Mexico,2013,Solar PV,934.65,16.68,1365680.67,1026.44,959.36,47.52,692175.48,2383,No,No,Operational
RE-00758,Australia,2017,Onshore Wind,983.28,39.12,3369614.03,2252.76,2215.09,7.76,2253731.83,2792,Yes,Yes,Operational
RE-00759,Sweden,2025,Onshore Wind,213.73,30.97,579843.51,1998.44,427.13,16.23,191571.22,711,Yes,Yes,Operational
RE-00760,Norway,2016,Hydroelectric,225.89,48.37,957143.82,1845.15,416.8,28.18,669775.83,772,No,No,Operational
RE-00761,Sweden,2016,Geothermal,1344.38,93.17,10972415.49,5896.78,7927.51,45.73,3851256.56,5111,Yes,No,Operational
RE-00762,Australia,2023,Biogas,141.81,80.24,996785.89,1733.21,245.79,47.04,316641.82,301,Yes,No,Operational
RE-00763,France,2025,Solar PV,417.81,14.42,527774.25,1398.09,584.14,48.1,275891.78,1393,Yes,No,Construction
RE-00764,Sweden,2011,Biomass,542.77,55.07,2618394.13,2450.55,1330.09,99.93,1583959.9,863,Yes,Yes,Operational
RE-00765,South Korea,2026,Onshore Wind,620.36,30.63,1664542.51,1733.24,1075.23,12.03,1023301.67,2396,Yes,No,Operational
RE-00766,United Kingdom,2023,Hydroelectric,2.64,60.31,13947.53,3174.22,8.38,19.25,4069.2,9,Yes,No,Planned
RE-00767,Australia,2017,Biogas,1396.8,57.33,7014880.45,3316.56,4632.57,88.57,3681457.09,4039,Yes,No,Construction
RE-00768,Australia,2023,Offshore Wind,883.39,48.27,3735372.21,3927.12,3469.18,20.06,2581053.52,2408,Yes,No,Construction
RE-00769,Brazil,2025,Offshore Wind,235.74,37.93,783285.75,4327.89,1020.26,10.14,579799.44,454,Yes,No,Retired
RE-00770,Spain,2011,Hydroelectric,14.23,38.49,47979.63,4931.06,70.17,34.66,17044.6,37,Yes,No,Operational
RE-00771,Mexico,2023,Hydroelectric,1409.42,36.05,4450920.17,3280.68,4623.86,7.16,1867472.59,894,No,Yes,Planned
RE-00772,Canada,2017,Onshore Wind,793.97,35.4,2462132.73,2311.02,1834.88,9.59,836733.67,2457,Yes,No,Operational
RE-00773,Brazil,2014,Biomass,1260.0,74.83,8259436.08,3425.93,4316.67,60.15,3139300.52,4797,Yes,No,Operational
RE-00774,United Kingdom,2023,Geothermal,596.31,88.14,4604147.67,3629.84,2164.51,38.15,2786659.22,657,No,No,Operational
RE-00775,Japan,2021,Biomass,913.57,69.52,5563597.45,3554.3,3247.1,111.74,3617127.31,3076,Yes,No,Operational
RE-00776,China,2017,Onshore Wind,485.87,31.5,1340709.68,1437.08,698.23,10.68,561767.3,1252,Yes,Yes,Operational
RE-00777,United Kingdom,2024,Solar CSP,139.99,31.28,383590.52,4061.68,568.59,32.22,265761.12,370,Yes,Yes,Operational
RE-00778,United Kingdom,2014,Biogas,587.88,69.35,3571406.27,2158.03,1268.66,39.45,1573900.81,1657,Yes,No,Operational
RE-00779,Sweden,2016,Solar CSP,1447.05,35.18,4459472.38,4276.84,6188.8,31.19,1283236.32,5232,Yes,No,Operational
RE-00780,Argentina,2024,Geothermal,1133.23,82.74,8213678.24,2328.97,2639.26,30.96,5867045.31,1978,Yes,No,Planned
RE-00781,China,2021,Solar CSP,1275.23,22.51,2514595.43,5273.78,6725.28,42.12,1281373.19,3378,Yes,Yes,Operational
RE-00782,South Africa,2012,Solar CSP,389.46,33.05,1127556.8,3400.75,1324.46,26.12,506138.58,625,Yes,No,Operational
RE-00783,Mexico,2026,Solar CSP,1002.03,33.36,2928268.34,3211.31,3217.83,16.89,1979413.89,2471,Yes,Yes,Planned
RE-00784,United Kingdom,2015,Offshore Wind,1381.4,41.16,4980797.94,3308.95,4570.98,19.87,1650754.12,5273,Yes,Yes,Operational
RE-00785,China,2025,Hydroelectric,912.18,61.28,4896699.0,2152.72,1963.67,32.69,2497437.22,2559,Yes,No,Retired
RE-00786,Germany,2014,Onshore Wind,1415.86,28.86,3579486.64,1301.09,1842.16,7.95,1595143.47,832,Yes,Yes,Construction
RE-00787,Italy,2024,Hydroelectric,1032.04,37.02,3346856.18,4253.91,4390.21,11.73,2107663.6,2520,Yes,No,Planned
RE-00788,Sweden,2025,Onshore Wind,1446.85,46.48,5891063.91,1352.99,1957.57,16.51,2501654.49,3118,Yes,No,Construction
RE-00789,Canada,2014,Biogas,557.84,64.79,3166078.94,3394.08,1893.35,85.17,1300372.15,1172,Yes,No,Operational
RE-00790,Brazil,2020,Hydroelectric,602.25,62.02,3271995.34,2917.95,1757.34,11.74,2033319.7,2298,Yes,Yes,Construction
RE-00791,Australia,2017,Biomass,1010.79,64.16,5681060.29,1806.5,1825.99,64.28,3422248.97,1834,Yes,No,Operational
RE-00792,Sweden,2017,Solar CSP,1001.35,28.16,2470146.2,5411.01,5418.31,41.84,1008019.09,512,Yes,Yes,Operational
RE-00793,China,2025,Onshore Wind,1305.64,32.03,3663401.27,1657.18,2163.68,7.48,1912594.96,820,Yes,Yes,Construction
RE-00794,Poland,2010,Biogas,1202.24,66.65,7019326.33,2060.25,2476.91,66.59,2036588.49,3011,Yes,No,Planned
RE-00795,Poland,2011,Onshore Wind,601.0,41.87,2204355.01,1312.81,789.0,14.36,1291574.57,1008,Yes,No,Operational
RE-00796,United States,2013,Biomass,77.07,84.83,572715.49,4183.13,322.39,103.65,200339.34,176,Yes,No,Operational
RE-00797,South Korea,2025,Offshore Wind,241.86,38.95,825231.16,6133.73,1483.5,16.24,360168.77,578,Yes,No,Operational
RE-00798,Mexico,2015,Biogas,633.48,69.21,3840660.01,2094.31,1326.7,51.34,2180872.75,1567,Yes,No,Operational
RE-00799,Mexico,2017,Offshore Wind,745.54,48.03,3136805.87,3200.79,2386.32,13.31,1053797.06,1333,Yes,No,Operational
RE-00800,Sweden,2011,Biogas,653.0,65.67,3756507.88,3283.36,2144.03,28.96,1953535.43,1547,Yes,No,Planned
RE-00801,Argentina,2018,Offshore Wind,255.01,48.53,1084105.65,5886.91,1501.22,23.85,718388.24,275,Yes,No,Construction
RE-00802,Italy,2012,Geothermal,955.83,77.36,6477407.57,2537.48,2425.4,48.11,4673916.93,3330,Yes,Yes,Operational
RE-00803,Poland,2024,Solar PV,984.07,29.47,2540447.56,1008.41,992.35,42.06,1638637.23,1222,Yes,Yes,Operational
RE-00804,South Korea,2017,Biogas,968.28,76.71,6506644.07,3481.64,3371.2,52.33,4224800.58,3655,Yes,No,Operational
RE-00805,United Kingdom,2015,Solar PV,619.72,27.82,1510277.47,719.85,446.11,37.36,891099.69,494,No,Yes,Operational
RE-00806,South Africa,2014,Biomass,297.59,57.61,1501828.41,4370.92,1300.74,110.87,867850.67,709,Yes,No,Construction
RE-00807,United Kingdom,2024,Onshore Wind,980.22,36.58,3141024.81,1606.64,1574.86,13.54,1605815.4,1665,Yes,No,Operational
RE-00808,Argentina,2012,Offshore Wind,348.38,53.25,1625088.19,4462.38,1554.6,12.77,1065005.51,163,Yes,No,Operational
RE-00809,Italy,2023,Offshore Wind,1257.43,56.67,6242249.69,3034.67,3815.89,21.59,3772710.06,1440,Yes,No,Operational
RE-00810,Italy,2020,Biogas,240.13,82.0,1724901.82,2935.99,705.02,25.4,446994.97,768,Yes,No,Construction
RE-00811,China,2014,Onshore Wind,854.4,30.53,2285031.28,2330.21,1990.93,18.18,900351.21,1968,No,No,Operational
RE-00812,Australia,2020,Hydroelectric,245.05,49.27,1057648.54,2138.15,523.95,23.14,457794.29,951,Yes,Yes,Planned
RE-00813,South Africa,2023,Solar PV,1042.59,25.98,2372776.37,938.24,978.2,45.68,638300.42,1156,Yes,Yes,Operational
RE-00814,Australia,2014,Biogas,169.17,59.0,874338.23,2038.32,344.82,25.49,355914.58,660,Yes,No,Construction
RE-00815,Chile,2019,Biogas,1115.64,73.16,7149931.48,3060.55,3414.47,67.23,4644468.09,3298,Yes,No,Construction
RE-00816,Argentina,2018,Biomass,1311.99,65.06,7477366.88,2458.35,3225.33,108.7,2792870.7,2487,Yes,No,Operational
RE-00817,Chile,2021,Biomass,1191.26,75.72,7901713.35,4347.98,5179.57,103.21,3556587.36,4554,Yes,Yes,Construction
RE-00818,Brazil,2010,Hydroelectric,876.52,42.66,3275569.26,3510.03,3076.61,4.06,2208423.77,1492,Yes,No,Operational
RE-00819,South Africa,2020,Biogas,787.32,51.52,3553294.83,3691.63,2906.49,54.67,1025103.83,2505,Yes,No,Operational
RE-00820,Italy,2024,Geothermal,76.84,77.47,521464.82,5954.0,457.51,41.49,239595.92,92,Yes,Yes,Operational
RE-00821,Germany,2012,Onshore Wind,1094.17,39.78,3812884.84,1190.75,1302.88,8.5,2161613.77,2687,Yes,No,Planned
RE-00822,Norway,2013,Geothermal,295.0,86.99,2247995.58,3503.71,1033.59,16.97,901826.92,1079,Yes,No,Operational
RE-00823,United States,2018,Onshore Wind,8.82,39.65,30634.86,1240.16,10.94,13.22,11646.1,15,Yes,Yes,Retired
RE-00824,Canada,2013,Hydroelectric,479.77,41.25,1733648.9,3014.03,1446.04,25.23,648162.61,986,Yes,Yes,Planned
RE-00825,Japan,2026,Biomass,180.39,66.35,1048473.58,2361.52,425.99,50.88,519508.09,438,Yes,Yes,Retired
RE-00826,Australia,2015,Offshore Wind,114.77,50.1,503697.99,4490.45,515.37,19.71,276268.45,413,Yes,Yes,Retired
RE-00827,Brazil,2013,Offshore Wind,191.87,51.77,870140.43,5676.51,1089.15,19.43,555234.79,555,Yes,No,Planned
RE-00828,Chile,2017,Solar CSP,192.02,37.18,625403.0,3269.65,627.84,15.96,414396.27,426,Yes,Yes,Operational
RE-00829,Chile,2023,Solar PV,735.07,16.4,1056030.96,1022.66,751.73,26.61,323610.95,1025,Yes,Yes,Operational
RE-00830,France,2012,Hydroelectric,193.81,31.36,532422.43,1913.47,370.85,14.86,324458.78,169,Yes,No,Operational
RE-00831,Japan,2010,Geothermal,293.35,71.4,1834798.64,4219.1,1237.67,16.59,1195046.41,637,Yes,No,Planned
RE-00832,South Africa,2024,Geothermal,539.46,73.15,3456827.31,3580.31,1931.43,23.93,1782004.27,950,Yes,No,Operational
RE-00833,India,2019,Biomass,503.41,80.9,3567586.12,3526.75,1775.4,35.72,2069291.53,509,Yes,No,Construction
RE-00834,South Korea,2023,Geothermal,1168.34,83.63,8559244.82,4946.24,5778.89,31.56,5516545.08,3954,Yes,Yes,Operational
RE-00835,Japan,2012,Offshore Wind,589.41,39.44,2036378.54,5003.5,2949.11,9.73,783923.42,1647,Yes,No,Retired
RE-00836,Poland,2011,Offshore Wind,119.52,37.37,391262.11,6383.45,762.95,19.55,245021.85,338,Yes,No,Planned
RE-00837,Mexico,2024,Onshore Wind,356.77,38.71,1209805.64,1304.23,465.31,19.46,455010.5,1075,Yes,No,Operational
RE-00838,Japan,2024,Solar CSP,1328.17,38.81,4515453.93,3492.39,4638.49,37.33,2392040.85,3364,Yes,No,Operational
RE-00839,China,2016,Onshore Wind,267.33,31.44,736265.32,1266.16,338.48,9.76,471920.03,636,Yes,No,Planned
RE-00840,Japan,2026,Solar PV,1488.33,23.38,3048230.81,1566.33,2331.22,57.95,1239469.68,5221,Yes,No,Planned
RE-00841,Italy,2016,Solar PV,600.68,24.24,1275498.33,1364.02,819.34,55.19,877444.2,1800,Yes,No,Operational
RE-00842,Poland,2021,Biogas,136.21,69.88,833807.88,2536.26,345.46,30.3,478654.42,413,Yes,No,Operational
RE-00843,China,2012,Offshore Wind,221.9,48.78,948207.1,5681.53,1260.73,18.15,620768.17,561,No,No,Operational
RE-00844,Mexico,2014,Biomass,896.62,73.05,5737632.77,2297.44,2059.93,109.98,4179143.59,1175,Yes,Yes,Operational
RE-00845,Spain,2024,Biogas,894.34,52.36,4102101.47,2735.15,2446.15,30.87,1858691.12,1656,Yes,No,Operational
RE-00846,China,2010,Geothermal,34.96,77.61,237680.31,5542.72,193.77,42.62,79860.19,75,Yes,No,Construction
RE-00847,Argentina,2010,Solar PV,750.05,16.45,1080837.05,743.0,557.29,43.94,690072.25,397,Yes,No,Operational
RE-00848,Germany,2013,Biomass,180.51,62.88,994301.07,2617.53,472.49,62.15,335596.44,194,Yes,No,Operational
RE-00849,Argentina,2026,Onshore Wind,359.15,34.36,1081018.51,2157.58,774.89,12.76,397071.79,620,Yes,No,Operational
RE-00850,Argentina,2026,Hydroelectric,803.49,37.68,2652134.08,4576.08,3676.83,27.17,1207090.96,2482,Yes,Yes,Operational
RE-00851,United States,2017,Hydroelectric,1123.35,63.7,6268427.8,3015.99,3388.01,14.87,3480592.26,1586,No,No,Planned
RE-00852,Chile,2025,Solar CSP,27.7,29.62,71873.52,5300.83,146.83,19.15,22179.65,17,Yes,No,Construction
RE-00853,Brazil,2010,Biogas,1085.21,65.7,6245730.82,1978.95,2147.58,44.18,3126446.84,1721,Yes,No,Construction
RE-00854,Sweden,2023,Biogas,4.66,71.65,29248.68,2185.05,10.18,49.39,17642.06,11,Yes,Yes,Operational
RE-00855,Mexico,2015,Offshore Wind,1369.48,47.29,5673213.33,6004.07,8222.45,14.63,3765417.11,826,Yes,Yes,Planned
RE-00856,India,2022,Onshore Wind,938.04,37.25,3060918.32,1840.42,1726.39,15.3,2030276.2,2390,Yes,Yes,Retired
RE-00857,Japan,2010,Solar PV,580.48,28.11,1429394.85,862.47,500.65,25.65,618521.14,1127,Yes,No,Retired
RE-00858,Norway,2023,Biogas,1310.61,58.61,6728981.04,2773.51,3634.99,26.93,1712122.59,3852,Yes,No,Construction
RE-00859,Chile,2010,Geothermal,673.66,87.1,5139998.85,5580.98,3759.68,26.97,3788735.63,2317,Yes,No,Planned
RE-00860,United Kingdom,2018,Geothermal,1489.25,92.72,12096093.58,4044.91,6023.88,43.91,6193253.71,4675,Yes,Yes,Operational
RE-00861,United Kingdom,2015,Onshore Wind,1376.5,34.16,4119060.62,2253.77,3102.31,13.01,1624666.5,5013,Yes,Yes,Operational
RE-00862,Mexico,2013,Hydroelectric,547.89,51.26,2460232.11,2784.29,1525.48,6.03,940803.51,1025,No,No,Operational
RE-00863,Brazil,2019,Offshore Wind,1379.54,53.09,6415804.61,5894.01,8131.02,23.78,3645920.52,5492,Yes,No,Planned
RE-00864,Spain,2018,Solar PV,1181.85,17.12,1772434.63,1242.82,1468.83,34.35,971448.07,3347,Yes,Yes,Operational
RE-00865,Australia,2021,Geothermal,1015.63,88.53,7876442.21,2680.84,2722.74,47.74,4679188.75,517,Yes,No,Operational
RE-00866,Chile,2025,Onshore Wind,37.82,27.14,89915.69,1446.19,54.69,17.66,46155.41,72,Yes,No,Operational
RE-00867,Germany,2013,Biogas,334.56,71.0,2080829.38,2707.9,905.96,50.19,1099342.92,1302,Yes,No,Construction
RE-00868,India,2019,Onshore Wind,1093.88,29.63,2839261.8,1683.82,1841.9,17.55,1251447.47,4313,Yes,No,Operational
RE-00869,Chile,2017,Solar PV,1268.6,16.48,1831411.85,1210.9,1536.15,44.74,1237321.36,3289,Yes,Yes,Planned
RE-00870,South Africa,2018,Biogas,386.54,71.36,2416314.11,2276.33,879.89,67.22,717213.74,1176,Yes,No,Operational
RE-00871,India,2021,Offshore Wind,744.49,49.38,3220431.46,3967.97,2954.11,10.48,1506242.4,2827,Yes,Yes,Construction
RE-00872,Chile,2017,Solar CSP,677.82,28.09,1667900.83,2838.52,1924.01,25.37,708962.06,1545,No,No,Planned
RE-00873,South Africa,2017,Geothermal,162.21,75.75,1076376.9,3748.57,608.06,28.01,735073.55,461,Yes,No,Operational
RE-00874,Mexico,2017,Hydroelectric,244.64,40.61,870291.14,2347.79,574.36,24.99,228350.61,238,Yes,No,Operational
RE-00875,Chile,2018,Solar PV,1160.32,14.58,1481969.99,1084.32,1258.16,23.99,667572.93,4573,No,No,Operational
RE-00876,China,2016,Biomass,988.98,70.31,6091282.1,2589.88,2561.34,79.22,2310098.86,2128,Yes,No,Operational
RE-00877,China,2014,Onshore Wind,749.04,28.74,1885801.08,2351.09,1761.06,12.81,803614.55,378,Yes,No,Operational
RE-00878,India,2014,Biomass,1418.27,67.57,8394927.34,2164.17,3069.38,44.28,2125435.98,4365,No,No,Planned
RE-00879,Australia,2012,Geothermal,1466.59,78.2,10046610.81,3467.75,5085.77,42.49,2758041.75,4946,Yes,No,Operational
RE-00880,Canada,2025,Biogas,1189.21,70.9,7385993.04,3782.41,4498.08,32.54,2973316.67,2019,Yes,No,Planned
RE-00881,Australia,2015,Solar PV,740.96,14.46,938571.07,927.69,687.38,34.96,513307.43,1552,Yes,No,Operational
RE-00882,United Kingdom,2010,Onshore Wind,1057.68,42.89,3973877.22,2173.02,2298.36,9.72,2064959.65,3849,Yes,No,Retired
RE-00883,Spain,2011,Offshore Wind,1058.7,54.55,5059082.65,3357.94,3555.05,20.15,2452992.91,3674,Yes,Yes,Construction
RE-00884,Australia,2025,Biogas,932.4,71.03,5801605.39,1708.01,1592.55,80.64,1585008.92,1425,No,No,Retired
RE-00885,Brazil,2018,Offshore Wind,266.97,46.22,1080927.36,3178.56,848.58,22.83,573181.86,495,Yes,No,Construction
RE-00886,Canada,2011,Solar PV,240.7,20.28,427610.29,791.24,190.45,57.36,246365.97,178,Yes,No,Operational
RE-00887,China,2019,Biomass,21.04,70.36,129680.8,4078.27,85.81,113.88,54631.58,57,Yes,Yes,Operational
RE-00888,Brazil,2023,Solar CSP,1411.91,39.51,4886727.82,3510.75,4956.86,38.3,1455033.3,4327,Yes,Yes,Construction
RE-00889,France,2017,Biogas,795.68,68.22,4755040.97,1742.68,1386.62,28.34,2618048.3,2105,Yes,No,Construction
RE-00890,Japan,2012,Solar PV,631.68,22.77,1259981.78,1220.7,771.09,32.48,348904.96,262,Yes,Yes,Construction
RE-00891,Sweden,2019,Solar PV,600.05,27.34,1437110.15,1328.56,797.2,20.91,917375.01,1335,Yes,No,Operational
RE-00892,South Africa,2023,Onshore Wind,973.41,38.93,3319588.97,1190.84,1159.18,10.63,1571782.23,2599,Yes,No,Operational
RE-00893,Mexico,2021,Offshore Wind,1225.08,52.6,5644874.62,5652.13,6924.31,23.1,1648807.31,3564,Yes,Yes,Retired
RE-00894,Brazil,2010,Biogas,504.0,56.02,2473305.41,2714.83,1368.27,52.23,1225820.74,1885,Yes,No,Planned
RE-00895,Brazil,2023,Onshore Wind,360.34,25.3,798614.34,1918.35,691.26,17.98,420410.6,418,Yes,No,Planned
RE-00896,China,2010,Geothermal,1002.26,86.62,7605060.68,4716.37,4727.03,36.01,3665341.3,2961,Yes,No,Operational
RE-00897,China,2021,Offshore Wind,969.35,42.87,3640308.62,4118.4,3992.17,12.19,2660911.35,3389,Yes,No,Operational
RE-00898,South Africa,2017,Hydroelectric,83.63,31.2,228570.83,3619.56,302.7,10.3,126205.86,268,Yes,No,Construction
RE-00899,Australia,2024,Onshore Wind,745.02,29.74,1940943.98,1861.54,1386.88,12.91,1234368.0,1788,Yes,No,Operational
RE-00900,Poland,2013,Onshore Wind,1422.53,41.23,5137819.88,1488.44,2117.35,16.24,2010445.13,3348,Yes,Yes,Operational
RE-00901,United States,2026,Solar CSP,376.65,37.62,1241254.59,4502.11,1695.72,30.98,395659.13,428,Yes,No,Planned
RE-00902,United States,2015,Solar CSP,411.32,23.46,845302.09,5427.03,2232.25,22.07,296410.75,1083,Yes,Yes,Construction
RE-00903,Norway,2011,Biogas,30.03,52.88,139107.61,2475.68,74.34,88.38,72840.01,93,Yes,No,Operational
RE-00904,South Africa,2026,Onshore Wind,957.98,42.22,3543062.21,1427.82,1367.82,15.36,1791029.02,3681,Yes,No,Planned
RE-00905,France,2025,Solar CSP,885.99,21.81,1692733.51,2982.37,2642.35,17.31,514585.16,3470,Yes,No,Construction
RE-00906,Chile,2013,Solar CSP,869.44,33.76,2571260.99,4211.22,3661.4,20.58,1572404.0,577,Yes,No,Operational
RE-00907,South Korea,2023,Solar PV,264.66,28.93,670719.37,1496.11,395.96,34.42,270015.83,236,Yes,Yes,Operational
RE-00908,Canada,2026,Biogas,861.05,67.81,5114771.32,1798.83,1548.88,78.03,1949539.02,2022,Yes,No,Operational
RE-00909,South Korea,2025,Solar PV,532.93,27.72,1294099.0,912.24,486.16,48.3,380861.1,2104,Yes,No,Operational
RE-00910,Argentina,2010,Biogas,1012.03,74.45,6600277.49,2860.18,2894.59,34.6,4683510.52,823,Yes,Yes,Operational
RE-00911,Italy,2010,Solar PV,545.68,24.23,1158231.99,1169.39,638.11,46.98,680472.22,493,Yes,No,Operational
RE-00912,Chile,2017,Solar PV,1216.34,15.21,1620646.55,1269.08,1543.63,24.82,935475.85,2315,Yes,Yes,Operational
RE-00913,Italy,2012,Hydroelectric,1023.89,34.2,3067492.53,2035.47,2084.1,26.11,864315.0,1237,Yes,No,Operational
RE-00914,Italy,2013,Biomass,1160.25,59.52,6049487.81,3755.86,4357.74,43.29,4274721.16,3126,Yes,No,Operational
RE-00915,Japan,2015,Biomass,1090.96,72.85,6962135.79,3229.13,3522.85,51.6,4143732.03,1976,No,No,Operational
RE-00916,South Africa,2019,Solar CSP,550.24,40.75,1964191.73,4584.78,2522.73,33.99,721269.18,322,Yes,Yes,Operational
RE-00917,Mexico,2020,Solar CSP,1086.98,23.69,2255748.72,4697.5,5106.09,43.49,1402146.43,3505,Yes,No,Planned
RE-00918,Sweden,2017,Geothermal,1183.75,94.22,9770284.23,3079.46,3645.31,27.87,5592518.77,577,Yes,No,Operational
RE-00919,Italy,2015,Biomass,1086.43,59.82,5693145.25,4215.89,4580.27,43.58,3881276.54,2381,Yes,Yes,Operational
RE-00920,Japan,2010,Offshore Wind,1201.63,38.75,4078933.04,5291.66,6358.62,22.57,2691621.81,2321,Yes,No,Operational
RE-00921,South Africa,2016,Geothermal,1139.51,76.6,7646294.42,5372.04,6121.49,18.04,4743421.57,4417,No,No,Operational
RE-00922,South Africa,2013,Biogas,1391.92,68.7,8376741.59,2564.99,3570.26,32.1,4567979.92,4067,Yes,No,Operational
RE-00923,Spain,2010,Onshore Wind,1436.84,31.67,3986213.72,1283.16,1843.7,7.07,2704429.84,5039,Yes,No,Operational
RE-00924,India,2017,Solar PV,88.0,22.8,175760.64,1044.51,91.92,38.6,81267.95,83,Yes,Yes,Operational
RE-00925,France,2026,Solar CSP,420.4,26.75,985123.32,2881.32,1211.31,37.65,701478.15,1363,Yes,No,Planned
RE-00926,China,2017,Hydroelectric,3.59,47.07,14802.76,2646.77,9.5,6.67,9963.71,2,Yes,No,Operational
RE-00927,India,2016,Solar PV,909.14,26.88,2140741.05,916.23,832.98,30.03,1185090.71,3439,Yes,No,Operational
RE-00928,Canada,2010,Onshore Wind,885.04,25.56,1981654.12,1334.56,1181.14,15.09,1148876.26,1980,Yes,No,Construction
RE-00929,Australia,2023,Geothermal,1189.33,86.62,9024531.38,5598.08,6657.96,48.52,2857374.24,4571,Yes,Yes,Operational
RE-00930,France,2020,Biogas,1124.6,68.36,6734482.67,1783.58,2005.81,40.9,4655291.14,602,Yes,Yes,Operational
RE-00931,Canada,2019,Solar PV,375.87,24.43,804387.36,1324.1,497.69,23.4,351487.95,1157,Yes,No,Operational
RE-00932,Mexico,2016,Geothermal,986.58,87.33,7547443.55,5295.2,5224.14,22.24,3837013.35,2741,Yes,No,Construction
RE-00933,Japan,2013,Offshore Wind,563.97,39.98,1975162.8,6140.89,3463.28,12.03,613124.73,296,Yes,No,Operational
RE-00934,Argentina,2012,Solar PV,88.19,20.46,158062.58,743.72,65.59,44.3,93922.7,267,Yes,No,Construction
RE-00935,United Kingdom,2010,Solar CSP,661.71,36.89,2138358.21,3432.68,2271.44,26.45,1207748.81,396,Yes,Yes,Operational
RE-00936,Germany,2020,Biogas,1326.5,78.69,9143888.17,3788.91,5025.99,59.7,4337614.73,2373,Yes,No,Operational
RE-00937,France,2017,Biomass,773.24,81.21,5500826.27,2406.07,1860.47,95.34,3330117.0,2674,Yes,No,Planned
RE-00938,South Africa,2018,Solar PV,892.71,17.39,1359922.28,866.13,773.2,45.58,482819.43,2134,Yes,No,Operational
RE-00939,Australia,2010,Solar PV,381.87,25.17,841982.11,1024.35,391.17,26.33,255022.8,283,Yes,No,Operational
RE-00940,Brazil,2011,Geothermal,751.41,71.5,4706381.39,5718.26,4296.76,17.32,2173242.66,302,Yes,Yes,Planned
RE-00941,Sweden,2010,Biomass,1231.36,76.67,8270173.32,2474.29,3046.74,52.21,3546572.58,4164,Yes,No,Operational
RE-00942,Mexico,2021,Biomass,970.03,66.41,5643165.05,2408.54,2336.36,108.61,3522232.06,3090,Yes,No,Operational
RE-00943,France,2018,Biomass,16.87,84.62,125052.45,3268.5,55.14,105.14,72249.74,55,No,Yes,Operational
RE-00944,India,2020,Geothermal,752.59,84.98,5602466.6,4892.46,3682.02,36.9,3607129.77,1164,Yes,Yes,Construction
RE-00945,China,2025,Biogas,379.79,61.44,2044084.47,2333.06,886.07,61.68,932993.55,299,Yes,No,Operational
RE-00946,United States,2022,Biogas,144.47,84.01,1063194.6,3194.83,461.56,27.18,687992.81,322,Yes,No,Operational
RE-00947,Norway,2013,Solar PV,1316.68,18.66,2152266.19,956.1,1258.88,30.91,1363951.11,3873,Yes,No,Operational
RE-00948,United Kingdom,2016,Biogas,54.15,78.66,373126.86,2178.57,117.97,66.06,195680.4,22,No,No,Operational
RE-00949,China,2021,Onshore Wind,715.41,42.13,2640283.56,1274.63,911.88,12.8,1103027.54,1469,Yes,No,Operational
RE-00950,United States,2019,Offshore Wind,560.79,49.27,2420398.8,3464.72,1942.98,17.06,1479797.9,414,No,Yes,Construction
RE-00951,Germany,2011,Biogas,1064.52,79.42,7406070.03,1852.68,1972.21,33.18,2892245.92,471,Yes,No,Planned
RE-00952,Japan,2020,Biogas,1221.55,61.88,6621641.43,2403.67,2936.2,43.96,2803257.87,2113,Yes,No,Operational
RE-00953,Spain,2015,Solar PV,248.86,19.97,435348.72,1132.82,281.91,48.83,263655.4,281,Yes,Yes,Operational
RE-00954,South Africa,2013,Solar PV,272.43,19.1,455818.98,1352.6,368.49,40.37,123966.39,267,No,Yes,Construction
RE-00955,Poland,2023,Hydroelectric,398.89,55.38,1935130.27,2343.66,934.86,12.83,785490.69,1590,Yes,No,Operational
RE-00956,South Korea,2024,Solar CSP,976.03,32.69,2795002.45,4754.02,4640.07,36.78,853211.1,3902,No,No,Construction
RE-00957,Sweden,2018,Geothermal,804.88,70.37,4961611.93,4097.98,3298.38,39.95,2874525.27,1284,Yes,No,Planned
RE-00958,India,2010,Offshore Wind,2.91,35.54,9059.71,5354.11,15.58,15.01,6067.61,2,Yes,No,Construction
RE-00959,Canada,2026,Offshore Wind,1325.6,46.13,5356733.69,5807.42,7698.32,9.2,2871938.7,4941,No,Yes,Operational
RE-00960,Italy,2020,Offshore Wind,1360.96,42.16,5026319.25,5760.59,7839.93,10.88,3130317.23,3273,Yes,No,Construction
RE-00961,South Korea,2018,Offshore Wind,338.98,38.04,1129584.41,6341.84,2149.76,19.15,739449.38,986,Yes,No,Construction
RE-00962,Mexico,2023,Biomass,225.79,75.92,1501637.17,4145.51,936.01,91.14,402592.54,879,Yes,Yes,Retired
RE-00963,Spain,2023,Biomass,1404.93,81.62,10045125.87,3559.68,5001.1,59.19,4153064.08,5353,Yes,No,Operational
RE-00964,United Kingdom,2023,Biomass,1291.14,55.35,6260298.87,2977.34,3844.16,115.14,3263607.6,2610,Yes,Yes,Operational
RE-00965,Argentina,2011,Onshore Wind,190.92,28.76,480999.27,1492.64,284.97,7.14,348759.08,161,Yes,Yes,Operational
RE-00966,Japan,2020,Offshore Wind,835.89,39.84,2917242.73,5521.39,4615.27,19.58,1257602.78,473,Yes,No,Operational
RE-00967,United States,2012,Biogas,778.31,82.23,5606437.78,1620.35,1261.13,28.65,2570677.68,2205,Yes,Yes,Operational
RE-00968,Germany,2017,Offshore Wind,510.85,46.22,2068366.26,5725.14,2924.69,13.4,1287023.54,473,Yes,No,Operational
RE-00969,South Africa,2011,Solar PV,1430.24,28.5,3570737.18,1443.76,2064.92,55.71,1154576.21,3165,Yes,Yes,Operational
RE-00970,Sweden,2022,Onshore Wind,134.26,41.84,492087.6,1448.57,194.49,15.59,337827.43,348,Yes,Yes,Operational
RE-00971,Norway,2011,Geothermal,870.15,78.71,5999680.77,3123.81,2718.18,23.77,4345513.38,720,Yes,Yes,Planned
RE-00972,Canada,2016,Onshore Wind,1024.02,39.46,3539725.84,2151.78,2203.47,15.47,2246641.72,1962,Yes,No,Operational
RE-00973,United States,2018,Solar PV,309.13,18.13,490956.56,1022.65,316.13,20.37,225192.8,126,Yes,No,Construction
RE-00974,United States,2018,Hydroelectric,90.1,54.45,429760.78,4369.28,393.67,26.25,249908.52,265,Yes,No,Construction
RE-00975,South Korea,2011,Hydroelectric,95.84,42.64,357987.7,3488.31,334.32,27.64,149407.57,133,Yes,No,Operational
RE-00976,Germany,2018,Biomass,602.21,64.88,3422653.31,1809.06,1089.43,55.02,1433498.86,920,Yes,Yes,Operational
RE-00977,Brazil,2010,Biomass,1396.04,81.08,9915524.87,4451.84,6214.95,112.36,4044605.92,4034,Yes,No,Operational
RE-00978,Australia,2023,Onshore Wind,1255.27,47.23,5193488.82,1186.43,1489.29,10.16,2079622.88,2419,Yes,Yes,Planned
RE-00979,Brazil,2013,Hydroelectric,1045.08,59.81,5475546.17,3731.83,3900.06,14.98,1883290.13,923,Yes,Yes,Retired
RE-00980,Sweden,2020,Geothermal,1266.43,80.95,8980533.74,5830.67,7384.14,22.98,3076444.03,4565,Yes,No,Operational
RE-00981,South Korea,2015,Solar CSP,1131.47,38.61,3826898.57,3542.96,4008.75,16.84,2230558.89,3464,Yes,No,Operational
RE-00982,Poland,2013,Offshore Wind,916.83,47.63,3825370.49,6015.78,5515.45,18.29,1927776.37,772,Yes,Yes,Operational
RE-00983,Germany,2018,Offshore Wind,859.1,57.98,4363410.14,5435.61,4669.73,22.43,1846569.08,1917,Yes,No,Operational
RE-00984,Chile,2024,Biogas,871.05,57.63,4397398.37,1607.26,1400.0,40.33,1524014.78,1511,Yes,No,Planned
RE-00985,Argentina,2019,Geothermal,12.41,74.72,81229.31,5738.86,71.22,39.17,58060.55,18,Yes,No,Operational
RE-00986,South Africa,2026,Geothermal,587.99,90.95,4684645.69,4269.91,2510.66,37.59,2012940.46,1988,Yes,No,Operational
RE-00987,France,2022,Biomass,707.98,77.45,4803375.27,3110.29,2202.02,91.04,2819925.87,2091,Yes,Yes,Construction
RE-00988,Canada,2018,Biomass,329.21,81.14,2339979.91,2974.69,979.3,77.33,1740239.45,410,Yes,Yes,Operational
RE-00989,Spain,2022,Onshore Wind,1163.96,38.01,3875609.68,1431.56,1666.28,13.78,997887.24,3322,Yes,No,Construction
RE-00990,United Kingdom,2011,Hydroelectric,953.43,51.05,4263719.89,2258.18,2153.02,9.99,2522429.77,3585,Yes,No,Construction
RE-00991,Norway,2017,Hydroelectric,82.2,43.88,315967.59,4680.81,384.76,28.95,225509.79,78,Yes,Yes,Operational
RE-00992,China,2011,Hydroelectric,1008.11,52.65,4649544.46,2654.36,2675.89,19.71,1216018.5,874,Yes,Yes,Planned
RE-00993,Poland,2018,Biogas,126.26,50.62,559876.23,3340.62,421.79,36.15,192544.9,243,Yes,No,Operational
RE-00994,China,2020,Onshore Wind,639.36,39.05,2187109.9,1105.13,706.58,15.14,856089.34,1393,Yes,No,Operational
RE-00995,Australia,2025,Solar CSP,1377.03,29.26,3529570.25,3412.01,4698.44,26.43,2628363.47,3618,Yes,No,Operational
RE-00996,United States,2013,Hydroelectric,413.01,46.65,1687781.89,4664.92,1926.66,28.49,588725.45,718,Yes,No,Operational
RE-00997,Italy,2016,Biogas,939.28,84.06,6916534.81,3188.35,2994.75,26.05,4167240.85,1223,Yes,Yes,Operational
RE-00998,Argentina,2021,Biomass,354.5,73.92,2295526.46,3871.83,1372.56,105.97,1030312.47,227,Yes,No,Operational
RE-00999,Mexico,2025,Biogas,1461.25,51.81,6631964.96,3509.79,5128.68,66.97,2524909.29,3925,Yes,No,Construction
RE-01000,Argentina,2026,Solar CSP,675.6,40.9,2420566.7,3816.18,2578.21,42.01,1656646.98,1107,Yes,No,Planned
RE-01001,Australia,2016,Solar CSP,79.3,23.76,165053.12,4349.66,344.93,38.25,103657.37,198,Yes,No,Operational
RE-01002,China,2017,Solar PV,245.02,20.52,440436.19,1527.25,374.21,26.86,123658.39,674,Yes,No,Planned
RE-01003,Mexico,2022,Geothermal,29.72,82.01,213510.74,5605.19,166.59,32.35,156091.91,81,Yes,No,Operational
RE-01004,United Kingdom,2024,Solar PV,1075.9,16.51,1556048.35,1013.51,1090.44,47.6,992401.66,2438,No,No,Operational
RE-01005,Italy,2012,Biomass,1159.62,63.02,6401742.51,4075.62,4726.17,84.91,2861876.6,2786,No,Yes,Planned
RE-01006,United States,2011,Hydroelectric,1154.04,62.19,6287029.89,3060.97,3532.48,6.27,4101241.88,3963,Yes,No,Planned
RE-01007,Spain,2013,Geothermal,943.83,80.77,6678023.86,2862.78,2701.98,48.26,2753619.14,3552,Yes,No,Operational
RE-01008,Japan,2021,Hydroelectric,1016.57,57.08,5083061.45,3147.47,3199.62,12.1,1491535.98,3248,Yes,No,Operational
RE-01009,Brazil,2017,Solar CSP,1026.17,33.39,3001510.31,5416.16,5557.9,19.17,1611089.64,644,Yes,No,Planned
RE-01010,Spain,2011,Biomass,342.45,70.59,2117602.59,1991.25,681.9,111.32,1303340.32,1074,Yes,No,Operational
RE-01011,Brazil,2012,Geothermal,560.67,93.35,4584856.5,5806.54,3255.55,45.71,1614856.57,616,Yes,No,Operational
RE-01012,United Kingdom,2013,Biogas,1016.4,83.58,7441682.37,3466.32,3523.17,56.6,3500238.12,3727,Yes,No,Construction
RE-01013,Chile,2014,Geothermal,96.54,91.38,772791.89,4507.59,435.16,21.6,308362.48,382,Yes,Yes,Planned
RE-01014,South Korea,2011,Geothermal,822.13,77.73,5598004.85,4852.61,3989.48,48.33,3599856.94,3220,Yes,Yes,Operational
RE-01015,Norway,2023,Hydroelectric,398.75,38.1,1330852.05,4119.47,1642.64,17.78,876080.2,365,Yes,No,Construction
RE-01016,Spain,2022,Onshore Wind,717.57,28.04,1762570.06,2012.38,1444.02,19.9,1126213.39,863,Yes,Yes,Operational
RE-01017,Brazil,2013,Solar PV,154.79,17.13,232276.02,1416.04,219.19,31.71,145990.12,590,Yes,No,Operational
RE-01018,France,2018,Hydroelectric,748.74,59.09,3875690.88,4405.5,3298.57,30.3,2321292.59,1729,Yes,No,Operational
RE-01019,Spain,2026,Onshore Wind,1312.35,36.74,4223698.74,1190.07,1561.79,9.92,2695561.54,1050,Yes,No,Planned
RE-01020,China,2010,Offshore Wind,612.13,38.27,2052136.44,5277.7,3230.64,11.08,1088981.06,2405,Yes,No,Construction
RE-01021,Norway,2024,Solar CSP,653.04,30.95,1770535.11,3027.92,1977.35,33.44,704458.74,1454,Yes,No,Operational
RE-01022,Argentina,2017,Biomass,53.04,60.59,281519.56,4463.9,236.77,119.87,171705.52,138,Yes,No,Operational
RE-01023,United States,2010,Hydroelectric,1064.38,64.46,6010230.29,2625.77,2794.82,18.37,2588228.75,1921,Yes,No,Planned
RE-01024,United States,2019,Geothermal,1228.0,89.32,9608402.5,4162.68,5111.77,34.87,6416140.02,2369,Yes,Yes,Operational
RE-01025,United Kingdom,2021,Biogas,269.13,72.57,1710894.94,2718.32,731.58,79.58,842614.68,1008,Yes,No,Operational
RE-01026,Japan,2025,Biogas,953.95,60.29,5038195.35,2197.9,2096.69,52.92,3276648.21,3115,Yes,Yes,Operational
RE-01027,Japan,2019,Biomass,225.14,66.06,1302852.76,4191.11,943.59,75.51,810467.72,482,Yes,Yes,Operational
RE-01028,South Africa,2025,Offshore Wind,1303.62,51.97,5934823.91,3307.43,4311.63,8.51,2004227.14,4922,Yes,No,Planned
RE-01029,Japan,2012,Solar CSP,839.17,24.03,1766476.35,3419.29,2869.37,43.2,1208515.82,643,Yes,Yes,Operational
RE-01030,Poland,2018,Solar CSP,437.16,26.45,1012908.46,3187.24,1393.33,43.07,450172.55,1095,Yes,No,Operational
RE-01031,Brazil,2011,Geothermal,1116.68,88.17,8624892.38,3207.01,3581.2,29.2,6284357.5,866,Yes,Yes,Construction
RE-01032,Sweden,2020,Solar CSP,790.06,33.45,2315049.61,3800.26,3002.43,37.81,627492.46,1205,Yes,Yes,Operational
RE-01033,China,2015,Biogas,1067.53,54.27,5075093.13,3339.12,3564.61,75.4,2880878.5,1365,Yes,No,Construction
RE-01034,Canada,2016,Biomass,1199.13,71.71,7532690.04,3022.15,3623.95,70.74,4167950.64,3607,Yes,Yes,Construction
RE-01035,France,2021,Solar PV,1012.52,21.89,1941571.9,1051.92,1065.09,50.5,776638.28,1163,Yes,Yes,Operational
RE-01036,Sweden,2013,Hydroelectric,1459.75,45.91,5870699.93,2270.6,3314.51,29.36,2235080.83,5816,Yes,Yes,Operational
RE-01037,South Korea,2015,Solar CSP,1169.43,22.33,2287531.38,5071.01,5930.19,38.02,1557081.21,4235,Yes,No,Operational
RE-01038,Canada,2023,Solar CSP,438.16,25.32,971852.9,5110.19,2239.08,28.92,575115.45,1692,Yes,No,Operational
RE-01039,India,2011,Biogas,243.64,60.93,1300420.7,2567.17,625.47,56.01,484622.16,155,Yes,No,Planned
RE-01040,India,2014,Geothermal,894.34,86.43,6771287.82,4678.44,4184.12,52.27,4957618.26,1731,Yes,No,Operational
RE-01041,Norway,2018,Solar CSP,979.66,35.78,3070575.77,3606.37,3533.02,23.87,1047285.22,2359,Yes,No,Operational
RE-01042,China,2021,Biogas,1087.75,67.69,6449970.26,2533.67,2756.0,33.05,4144552.84,2853,Yes,No,Construction
RE-01043,Spain,2025,Onshore Wind,712.14,35.46,2212117.63,2318.41,1651.03,19.48,1615694.57,2384,Yes,No,Planned
RE-01044,Germany,2021,Offshore Wind,1135.32,56.23,5592300.22,6390.45,7255.21,24.11,2950099.42,2464,No,Yes,Operational
RE-01045,France,2026,Biogas,1034.1,68.77,6229678.99,1916.92,1982.29,58.36,4498517.09,2658,Yes,No,Planned
RE-01046,France,2026,Offshore Wind,912.48,41.42,3310835.13,4469.02,4077.89,11.74,1707517.3,2264,Yes,Yes,Operational
RE-01047,Italy,2012,Geothermal,1067.48,75.54,7063839.67,2648.31,2827.02,54.95,2683964.17,3870,Yes,No,Operational
RE-01048,Japan,2017,Hydroelectric,1242.13,42.24,4596159.24,4244.32,5272.0,20.83,3238107.11,4086,Yes,No,Planned
RE-01049,Poland,2022,Biomass,180.75,81.64,1292663.27,3548.22,641.34,63.8,894542.73,440,Yes,Yes,Retired
RE-01050,Poland,2013,Biomass,775.62,68.32,4641955.4,2168.13,1681.64,93.33,2160364.18,2919,No,No,Operational
RE-01051,Norway,2022,Geothermal,31.61,90.66,251040.8,4075.75,128.83,52.47,110176.79,42,Yes,No,Planned
RE-01052,Italy,2016,Biogas,684.12,69.35,4156070.05,3634.57,2486.48,87.7,1721282.36,2092,Yes,No,Planned
RE-01053,Germany,2025,Biomass,673.63,67.2,3965471.19,2484.32,1673.51,46.34,1714902.85,2384,Yes,No,Operational
RE-01054,Argentina,2011,Offshore Wind,1403.93,36.88,4535659.8,4334.14,6084.83,17.8,1656107.09,1981,Yes,Yes,Planned
RE-01055,Norway,2017,Biogas,627.33,63.53,3491234.48,3913.88,2455.29,32.62,2394769.39,989,Yes,Yes,Operational
RE-01056,Chile,2010,Biogas,1129.73,73.01,7225387.05,3247.53,3668.83,37.58,4366410.73,1718,No,No,Operational
RE-01057,Australia,2024,Hydroelectric,884.38,49.35,3823227.8,2559.41,2263.49,25.02,1671982.45,490,Yes,No,Operational
RE-01058,France,2025,Biomass,1288.78,58.12,6561581.08,3601.31,4641.3,87.07,4486578.66,1316,Yes,No,Operational
RE-01059,France,2016,Solar PV,578.98,22.32,1132040.22,796.12,460.94,37.0,652044.53,1269,Yes,No,Construction
RE-01060,Australia,2020,Solar CSP,826.01,34.88,2523863.64,2731.57,2256.3,43.63,1028737.79,1383,Yes,Yes,Planned
RE-01061,Italy,2014,Biogas,424.75,56.36,2097048.52,3939.72,1673.4,75.77,1499284.47,1487,Yes,Yes,Operational
RE-01062,Argentina,2011,Biogas,1075.98,50.9,4797622.66,1940.9,2088.37,69.39,1495520.58,617,Yes,No,Operational
RE-01063,Italy,2012,Onshore Wind,346.22,42.27,1282001.42,1360.46,471.02,7.46,901159.41,1230,Yes,Yes,Construction
RE-01064,Argentina,2015,Solar CSP,1397.24,38.21,4676836.14,4265.2,5959.51,15.27,3235597.54,4219,Yes,Yes,Construction
RE-01065,Japan,2023,Biogas,1435.0,70.32,8839645.92,2819.3,4045.7,52.65,5309478.87,5330,Yes,Yes,Operational
RE-01066,South Korea,2013,Hydroelectric,99.9,43.91,384266.95,4808.15,480.33,19.55,138462.57,167,Yes,Yes,Construction
RE-01067,South Korea,2020,Onshore Wind,971.94,39.05,3324792.91,1121.67,1090.2,9.27,1106444.54,731,Yes,No,Operational
RE-01068,Mexico,2016,Geothermal,244.63,82.71,1772441.22,4652.83,1138.22,47.48,557044.78,640,Yes,Yes,Operational
RE-01069,Germany,2012,Onshore Wind,138.25,45.41,549946.89,1589.71,219.78,13.8,348855.55,240,Yes,No,Operational
RE-01070,Chile,2015,Geothermal,440.72,87.94,3395105.91,4761.6,2098.53,44.88,953608.94,1753,Yes,No,Construction
RE-01071,Poland,2020,Solar CSP,658.85,36.66,2115841.43,4719.57,3109.49,19.12,1367502.67,449,Yes,No,Operational
RE-01072,Chile,2025,Hydroelectric,736.5,38.76,2500694.42,3491.92,2571.8,18.34,1601075.21,931,Yes,No,Operational
RE-01073,Canada,2013,Biomass,531.2,71.09,3308039.5,2527.48,1342.6,82.65,2279925.08,1252,Yes,Yes,Operational
RE-01074,Sweden,2020,Onshore Wind,75.45,29.27,193457.72,1514.81,114.29,11.16,141070.05,85,Yes,No,Operational
RE-01075,Sweden,2012,Hydroelectric,611.77,40.72,2182227.64,2093.53,1280.76,22.73,1092968.46,414,Yes,No,Planned
RE-01076,France,2025,Biomass,343.62,82.55,2484846.8,2775.47,953.71,48.9,1306542.03,742,Yes,No,Planned
RE-01077,Argentina,2022,Biogas,963.62,67.51,5698729.19,3970.13,3825.7,87.35,3843373.93,3075,Yes,No,Operational
RE-01078,Chile,2013,Hydroelectric,606.19,50.52,2682725.37,3594.81,2179.14,9.45,811253.74,727,Yes,Yes,Construction
RE-01079,Canada,2014,Biomass,527.76,66.05,3053608.8,3181.94,1679.3,108.08,991491.44,858,Yes,No,Planned
RE-01080,Norway,2025,Geothermal,1434.81,80.33,10096625.97,3777.12,5419.45,19.25,2703103.71,1836,Yes,No,Operational
RE-01081,Brazil,2020,Offshore Wind,272.63,42.5,1015001.49,3524.13,960.78,19.84,515911.31,831,Yes,No,Operational
RE-01082,France,2019,Solar PV,61.56,16.35,88169.93,1116.27,68.72,26.3,44911.8,229,Yes,Yes,Planned
RE-01083,Spain,2017,Biogas,1324.03,60.71,7041451.05,3106.08,4112.54,85.02,2364856.55,4346,Yes,Yes,Operational
RE-01084,Mexico,2023,Geothermal,1440.16,71.57,9029129.21,2448.84,3526.72,50.93,3615092.45,3671,Yes,No,Operational
RE-01085,Spain,2017,Offshore Wind,800.7,42.67,2992930.12,3731.29,2987.64,10.38,1804952.86,805,Yes,No,Construction
RE-01086,France,2023,Onshore Wind,1306.77,40.64,4652184.83,2190.03,2861.87,16.31,1508777.51,5123,Yes,No,Operational
RE-01087,United States,2012,Onshore Wind,921.88,34.57,2791758.7,1978.62,1824.05,11.84,1413809.66,992,Yes,No,Operational
RE-01088,Australia,2011,Solar CSP,1124.48,36.91,3635799.18,4027.18,4528.48,39.46,2621526.55,3371,Yes,No,Operational
RE-01089,Brazil,2011,Biomass,1039.66,82.55,7518176.53,2228.87,2317.27,41.3,5212061.94,910,Yes,No,Operational
RE-01090,Italy,2021,Solar PV,505.95,17.82,789804.14,1379.71,698.06,53.97,324311.25,701,Yes,Yes,Operational
RE-01091,China,2010,Offshore Wind,1182.82,40.89,4236818.66,5353.57,6332.31,17.23,2833295.43,4562,Yes,No,Operational
RE-01092,Chile,2024,Onshore Wind,80.82,45.66,323265.13,1106.89,89.46,13.41,149348.35,222,Yes,No,Construction
RE-01093,United States,2017,Biogas,537.68,78.56,3700236.33,3416.94,1837.22,50.94,1556637.37,290,Yes,Yes,Operational
RE-01094,South Korea,2026,Solar PV,1197.44,27.53,2887779.83,1261.42,1510.47,44.96,900888.76,3492,Yes,No,Planned
RE-01095,France,2024,Biogas,350.56,75.78,2327132.26,1849.82,648.47,26.74,614565.7,355,Yes,Yes,Retired
RE-01096,Italy,2014,Geothermal,591.43,82.97,4298614.97,4175.89,2469.75,33.81,2392069.41,2122,Yes,No,Operational
RE-01097,Sweden,2024,Biogas,459.55,59.5,2395266.51,3994.09,1835.48,62.99,746177.31,623,No,No,Operational
RE-01098,Poland,2019,Onshore Wind,607.73,26.26,1398007.51,2219.2,1348.67,7.2,977545.31,1975,Yes,No,Planned
RE-01099,Italy,2020,Hydroelectric,866.93,31.74,2410432.98,1990.39,1725.53,26.55,729837.14,1101,Yes,No,Planned
RE-01100,Japan,2025,Offshore Wind,75.3,44.84,295777.2,5933.6,446.8,14.17,176848.2,189,Yes,Yes,Construction
RE-01101,United Kingdom,2012,Offshore Wind,1290.32,48.26,5454925.86,3212.56,4145.23,19.96,2539574.96,1464,Yes,No,Planned
RE-01102,Italy,2024,Biogas,662.76,56.63,3287811.85,1968.14,1304.4,53.08,1571532.27,2014,Yes,No,Planned
RE-01103,United States,2026,Solar CSP,484.47,39.84,1690792.55,4918.15,2382.7,17.04,705194.85,575,Yes,No,Construction
RE-01104,United Kingdom,2026,Geothermal,574.75,91.64,4613899.88,5894.39,3387.8,46.05,1654246.84,462,Yes,No,Operational
RE-01105,China,2025,Onshore Wind,1006.41,34.58,3048625.22,1455.96,1465.29,11.95,1487806.23,2988,Yes,Yes,Operational
RE-01106,South Africa,2026,Solar PV,286.12,15.62,391501.43,1274.56,364.68,35.73,115852.21,118,Yes,No,Operational
RE-01107,South Korea,2023,Biomass,1286.41,59.78,6736579.27,2709.95,3486.11,47.46,2649808.88,1622,Yes,No,Construction
RE-01108,Japan,2010,Biomass,452.51,61.9,2453708.32,4441.82,2009.97,62.21,1436729.77,1285,Yes,Yes,Operational
RE-01109,Italy,2018,Solar PV,766.88,26.37,1771502.0,1338.85,1026.74,56.48,1302816.21,2316,Yes,No,Operational
RE-01110,Brazil,2013,Solar PV,874.83,19.59,1501281.77,1005.03,879.23,53.36,692040.72,2010,Yes,No,Operational
RE-01111,Canada,2020,Solar CSP,502.6,34.41,1514995.22,2937.09,1476.18,44.82,963569.75,955,Yes,No,Construction
RE-01112,India,2023,Onshore Wind,1333.61,35.49,4146092.14,1970.38,2627.72,12.74,2359329.75,2813,Yes,Yes,Operational
RE-01113,South Korea,2015,Offshore Wind,1418.15,46.66,5796569.0,4148.1,5882.63,14.87,2758651.77,4997,Yes,No,Operational
RE-01114,Argentina,2016,Biogas,894.48,72.96,5716886.45,2086.49,1866.32,73.51,2000806.08,1204,Yes,No,Construction
RE-01115,United States,2019,Biogas,1229.8,78.45,8451456.16,2535.6,3118.28,75.79,2984389.91,2719,Yes,No,Operational
RE-01116,Spain,2015,Solar PV,977.85,23.83,2041269.7,748.92,732.33,23.81,868923.85,3357,Yes,Yes,Construction
RE-01117,China,2019,Solar CSP,1475.15,22.08,2853246.93,4143.64,6112.49,32.78,1152238.94,839,Yes,No,Construction
RE-01118,Brazil,2011,Solar PV,1287.1,20.03,2258381.7,1567.93,2018.08,24.73,1509112.42,4723,Yes,No,Operational
RE-01119,South Africa,2022,Solar CSP,869.44,29.34,2234620.78,5479.34,4763.96,23.71,1020265.3,3173,Yes,Yes,Construction
RE-01120,South Korea,2010,Onshore Wind,172.55,39.3,594034.43,1837.47,317.06,15.69,347823.9,665,Yes,Yes,Operational
RE-01121,United States,2017,Geothermal,711.16,71.73,4468608.0,2763.32,1965.16,52.41,1269735.86,1795,Yes,Yes,Operational
RE-01122,Italy,2013,Biomass,513.05,76.42,3434557.82,2411.27,1237.1,37.17,861337.39,843,Yes,No,Operational
RE-01123,Canada,2019,Solar PV,867.14,25.19,1913469.28,1274.86,1105.48,20.33,1082887.44,1353,Yes,No,Construction
RE-01124,Sweden,2026,Biomass,264.75,77.08,1787647.07,3789.84,1003.36,76.6,751138.63,264,Yes,No,Operational
RE-01125,China,2021,Biomass,1110.4,77.25,7514187.84,3618.55,4018.04,86.92,3826307.02,1234,No,No,Planned
RE-01126,South Africa,2011,Biomass,729.81,78.9,5044183.99,3538.23,2582.24,55.17,1379809.91,1483,Yes,Yes,Planned
RE-01127,United States,2021,Offshore Wind,1043.62,41.57,3800375.63,4539.18,4737.18,11.09,1418643.22,755,Yes,No,Operational
RE-01128,Argentina,2018,Solar CSP,1291.81,31.55,3570278.64,5269.33,6806.97,34.05,920752.72,4764,Yes,No,Operational
RE-01129,United Kingdom,2017,Offshore Wind,723.78,52.69,3340710.81,4698.62,3400.77,10.99,932354.92,618,Yes,No,Operational
RE-01130,United Kingdom,2017,Onshore Wind,335.3,37.55,1102929.11,1902.21,637.81,13.92,800647.48,1335,Yes,No,Operational
RE-01131,Italy,2019,Geothermal,527.86,89.61,4143614.43,2852.96,1505.96,23.67,1116070.26,1368,Yes,No,Operational
RE-01132,China,2025,Geothermal,59.3,71.21,369913.16,4556.79,270.22,38.67,246193.86,150,No,Yes,Operational
RE-01133,Italy,2026,Biomass,162.18,81.26,1154458.22,1831.24,296.99,76.35,377162.85,414,Yes,Yes,Operational
RE-01134,Argentina,2021,Biomass,575.45,86.41,4355877.98,2073.26,1193.06,70.98,2084486.62,810,Yes,No,Operational
RE-01135,Germany,2023,Biogas,608.2,71.23,3795014.73,3744.61,2277.47,80.34,2694504.85,832,Yes,No,Construction
RE-01136,South Africa,2024,Biogas,662.9,75.95,4410419.54,3277.15,2172.42,72.59,2759742.44,720,Yes,No,Construction
RE-01137,Germany,2022,Hydroelectric,1250.22,57.6,6308310.07,3707.31,4634.95,8.34,3581401.92,4492,Yes,No,Operational
RE-01138,India,2022,Geothermal,810.4,81.37,5776540.92,3111.49,2521.55,24.84,1978385.22,2166,Yes,No,Operational
RE-01139,Poland,2017,Hydroelectric,1282.54,45.51,5113071.44,2065.06,2648.52,34.76,3438498.59,3560,Yes,No,Operational
RE-01140,Spain,2010,Biomass,267.8,79.87,1873692.69,2464.02,659.86,56.52,570747.73,801,Yes,No,Operational
RE-01141,South Africa,2023,Biomass,340.5,86.05,2566682.19,2667.62,908.32,43.83,950064.13,226,Yes,No,Operational
RE-01142,Chile,2013,Offshore Wind,677.45,39.51,2344705.94,3461.3,2344.86,13.11,713144.03,731,No,No,Planned
RE-01143,Germany,2014,Geothermal,1285.66,79.06,8904038.89,2747.94,3532.92,47.19,2491573.27,2388,Yes,No,Operational
RE-01144,Canada,2025,Biomass,1486.47,60.77,7913151.69,2489.33,3700.31,55.05,5570626.96,4681,Yes,No,Operational
RE-01145,Australia,2025,Biomass,91.58,67.91,544801.73,1945.81,178.2,119.91,385280.92,229,Yes,No,Operational
RE-01146,United States,2023,Solar CSP,984.73,33.5,2889788.66,5212.93,5133.33,29.31,1220515.19,2207,Yes,No,Planned
RE-01147,United Kingdom,2012,Solar CSP,478.26,39.09,1637698.07,4016.6,1920.98,30.96,1000967.77,1186,Yes,No,Operational
RE-01148,Mexico,2020,Solar PV,1053.26,23.67,2183926.18,1044.27,1099.89,41.57,1314001.3,2334,Yes,Yes,Operational
RE-01149,United States,2025,Biogas,837.11,62.54,4586110.48,3780.89,3165.02,50.26,2314028.63,685,Yes,No,Operational
RE-01150,France,2013,Geothermal,253.34,94.11,2088544.08,2527.09,640.21,40.96,1258616.6,245,Yes,Yes,Operational
RE-01151,Chile,2026,Biogas,645.4,84.65,4785860.44,1902.94,1228.16,50.51,3354804.34,2295,Yes,No,Construction
RE-01152,Norway,2012,Onshore Wind,229.71,26.68,536870.86,1899.01,436.22,13.5,198115.19,333,Yes,No,Operational
RE-01153,France,2016,Hydroelectric,174.48,60.3,921652.21,3749.29,654.18,8.53,425745.44,331,Yes,No,Construction
RE-01154,Mexico,2010,Hydroelectric,458.08,30.61,1228312.2,3254.85,1490.98,17.31,758069.41,458,Yes,Yes,Operational
RE-01155,France,2022,Onshore Wind,108.25,32.88,311791.18,1608.72,174.14,16.3,109006.0,412,Yes,Yes,Construction
RE-01156,Canada,2024,Biogas,1307.05,68.06,7792705.29,2023.45,2644.75,46.28,5068152.43,4617,Yes,No,Construction
RE-01157,Poland,2024,Solar PV,1147.51,20.15,2025515.8,1277.73,1466.21,54.29,660075.73,2062,Yes,No,Operational
RE-01158,Italy,2013,Solar PV,55.84,28.36,138725.32,1438.0,80.3,40.98,83636.59,43,Yes,No,Operational
RE-01159,Mexico,2026,Solar PV,34.77,24.06,73283.2,854.58,29.71,48.77,20900.6,24,No,Yes,Operational
RE-01160,Italy,2012,Offshore Wind,1263.34,41.64,4608239.84,4853.29,6131.36,24.16,1918377.55,2503,Yes,Yes,Operational
RE-01161,Spain,2015,Solar CSP,1214.49,40.47,4305575.94,4393.3,5335.62,33.71,1915989.09,540,Yes,Yes,Construction
RE-01162,Mexico,2014,Solar CSP,129.37,28.42,322078.52,3247.07,420.07,19.38,104051.95,171,Yes,No,Planned
RE-01163,Spain,2022,Onshore Wind,942.69,45.88,3788754.07,1775.66,1673.9,15.23,1726953.04,1488,Yes,No,Operational
RE-01164,Sweden,2011,Onshore Wind,1296.83,36.44,4139668.1,1191.26,1544.86,12.57,1745339.13,5119,Yes,No,Operational
RE-01165,Norway,2022,Solar CSP,1084.13,21.46,2038051.65,3167.82,3434.33,15.39,1029019.82,3851,Yes,No,Operational
RE-01166,Canada,2021,Hydroelectric,1376.04,61.6,7425332.01,3985.51,5484.22,11.63,5456742.93,4341,Yes,Yes,Operational
RE-01167,Italy,2023,Biomass,1290.53,73.53,8312597.97,3211.54,4144.59,94.3,4273709.63,2456,Yes,No,Operational
RE-01168,Canada,2013,Solar PV,1357.06,25.26,3002869.8,703.79,955.09,32.48,1896790.43,2582,Yes,No,Operational
RE-01169,Spain,2022,Offshore Wind,155.41,46.67,635361.46,3428.84,532.88,8.79,204346.19,548,Yes,Yes,Construction
RE-01170,France,2016,Solar CSP,1415.51,34.62,4292834.16,4094.17,5795.34,34.7,1159978.27,5410,No,Yes,Construction
RE-01171,Poland,2013,Solar CSP,821.66,36.96,2660285.3,5319.47,4370.8,25.18,1587532.25,2447,Yes,No,Construction
RE-01172,South Africa,2018,Solar CSP,61.31,24.45,131314.98,2935.24,179.96,19.63,62653.57,218,Yes,No,Operational
RE-01173,United States,2015,Biogas,1251.52,72.94,7996642.11,2442.15,3056.4,84.42,3992369.81,1348,Yes,No,Planned
RE-01174,Italy,2022,Offshore Wind,702.18,54.75,3367725.5,4512.8,3168.8,15.04,1016575.55,1197,Yes,Yes,Operational
RE-01175,Mexico,2012,Biomass,336.31,73.52,2165954.78,2526.26,849.61,89.37,1289298.81,499,Yes,Yes,Operational
RE-01176,India,2022,Solar PV,930.87,21.17,1726290.97,1551.27,1444.03,24.07,1191142.07,3053,Yes,Yes,Operational
RE-01177,Sweden,2025,Geothermal,351.32,91.85,2826741.8,4112.52,1444.81,33.47,1582284.65,412,No,Yes,Planned
RE-01178,South Africa,2015,Offshore Wind,78.81,47.22,325995.36,3435.73,270.77,18.57,242792.0,285,No,Yes,Operational
RE-01179,Brazil,2013,Hydroelectric,1349.24,36.69,4336516.73,2292.67,3093.36,4.38,1478639.15,1461,Yes,No,Operational
RE-01180,China,2011,Solar PV,633.82,26.41,1466352.71,990.71,627.93,42.59,646376.0,681,Yes,No,Construction
RE-01181,Italy,2016,Hydroelectric,778.55,56.73,3869041.6,1974.39,1537.16,6.23,1695071.12,937,Yes,No,Construction
RE-01182,China,2010,Onshore Wind,976.13,34.12,2917566.67,2315.41,2260.14,16.44,1499164.28,1117,Yes,No,Construction
RE-01183,South Korea,2023,Solar PV,1372.66,29.18,3508749.57,1267.17,1739.39,58.64,2476163.87,561,Yes,Yes,Operational
RE-01184,Spain,2026,Geothermal,17.29,75.89,114943.3,2310.66,39.95,41.02,79844.65,69,Yes,Yes,Planned
RE-01185,South Korea,2011,Solar PV,1461.38,25.44,3256749.63,1153.54,1685.76,23.87,843817.21,3449,Yes,No,Operational
RE-01186,Chile,2023,Offshore Wind,721.15,38.75,2447943.67,5267.95,3798.98,18.3,1603490.46,1455,Yes,No,Construction
RE-01187,Canada,2022,Offshore Wind,792.6,55.15,3829161.56,3642.8,2887.28,14.83,2481741.97,696,Yes,Yes,Operational
RE-01188,Japan,2020,Biomass,1168.14,64.51,6601247.92,2114.18,2469.66,56.01,2353304.07,3549,Yes,Yes,Operational
RE-01189,South Africa,2020,Hydroelectric,1033.78,52.87,4787861.1,3619.52,3741.79,33.95,2328668.44,3614,Yes,No,Operational
RE-01190,Sweden,2025,Geothermal,271.16,80.94,1922617.68,5546.21,1503.91,23.62,480774.49,359,Yes,No,Construction
RE-01191,Brazil,2025,Solar PV,683.89,20.25,1213152.47,908.28,621.16,28.72,749794.89,471,Yes,No,Operational
RE-01192,India,2020,Solar CSP,760.52,38.8,2584916.22,4547.3,3458.31,15.13,912138.21,1010,Yes,No,Construction
RE-01193,Sweden,2018,Biogas,491.75,53.63,2310235.6,2086.29,1025.93,51.05,1214553.59,1858,Yes,Yes,Construction
RE-01194,United States,2017,Solar CSP,984.22,23.59,2033874.88,3040.97,2992.98,31.77,890238.78,2063,Yes,No,Operational
RE-01195,United Kingdom,2019,Solar PV,1281.68,24.63,2765337.39,990.5,1269.5,42.1,806083.58,3030,Yes,No,Operational
RE-01196,Canada,2016,Offshore Wind,586.44,47.29,2429388.69,4194.17,2459.63,18.69,1221558.92,2211,Yes,Yes,Operational
RE-01197,Italy,2020,Geothermal,384.78,76.72,2585980.17,3490.38,1343.03,44.85,1862077.99,639,Yes,No,Retired
RE-01198,Spain,2026,Solar CSP,1019.25,40.1,3580380.63,4387.18,4471.63,22.48,1982474.83,1882,Yes,No,Operational
RE-01199,France,2017,Solar PV,240.64,16.86,355409.88,1243.14,299.15,50.04,201954.53,381,Yes,No,Planned
RE-01200,Norway,2010,Solar PV,1307.02,26.53,3037551.08,1029.29,1345.3,45.29,1894348.27,5025,Yes,No,Operational
RE-01201,France,2022,Onshore Wind,1368.08,46.14,5529593.3,1304.21,1784.26,9.65,3469624.74,3655,Yes,No,Construction
RE-01202,Brazil,2025,Biogas,190.62,74.6,1245694.08,1980.31,377.49,76.63,658408.52,403,Yes,No,Construction
RE-01203,Japan,2023,Biomass,1153.3,74.27,7503429.77,4337.19,5002.08,84.62,3826920.21,1597,Yes,Yes,Construction
RE-01204,South Africa,2023,Onshore Wind,659.52,27.24,1573762.45,1966.51,1296.95,7.12,1012718.91,1511,Yes,No,Operational
RE-01205,South Africa,2015,Hydroelectric,422.98,44.54,1650342.76,4663.71,1972.66,8.2,680572.14,462,Yes,No,Operational
RE-01206,Sweden,2016,Offshore Wind,402.3,45.86,1616174.27,3539.96,1424.13,20.41,1170333.19,482,No,Yes,Operational
RE-01207,China,2021,Solar PV,299.7,21.12,554478.57,761.04,228.08,47.88,254122.0,1081,No,Yes,Operational
RE-01208,United Kingdom,2026,Onshore Wind,273.49,27.16,650691.78,1952.34,533.95,10.03,349035.76,1073,Yes,Yes,Operational
RE-01209,Australia,2012,Solar PV,695.46,25.91,1578496.69,966.8,672.37,25.83,900348.28,1032,No,Yes,Operational
RE-01210,Japan,2011,Hydroelectric,1037.89,56.3,5118748.93,4272.22,4434.09,20.74,2651670.9,3101,Yes,No,Operational
RE-01211,South Korea,2024,Solar CSP,355.07,23.43,728769.81,3535.49,1255.35,22.61,423846.15,437,Yes,Yes,Operational
RE-01212,Italy,2010,Geothermal,1099.92,79.96,7704385.24,3084.76,3392.99,26.8,2292506.04,539,No,Yes,Operational
RE-01213,Norway,2024,Offshore Wind,995.59,45.03,3927232.19,5201.39,5178.45,23.89,1176946.94,1271,Yes,No,Operational
RE-01214,Australia,2012,Biomass,516.19,78.6,3554153.98,4183.41,2159.43,49.52,1253974.22,1286,Yes,Yes,Planned
RE-01215,Spain,2015,Biogas,609.93,61.9,3307308.83,3787.55,2310.14,33.5,1776478.74,569,Yes,Yes,Operational
RE-01216,Germany,2018,Biogas,608.72,78.61,4191789.58,2954.88,1798.69,52.82,2555827.7,1246,Yes,Yes,Operational
RE-01217,China,2020,Onshore Wind,203.13,37.65,669951.18,1450.49,294.64,16.04,176955.11,424,Yes,Yes,Operational
RE-01218,China,2020,Solar PV,151.23,25.76,341261.99,1225.78,185.37,40.18,187605.92,243,Yes,No,Planned
RE-01219,India,2014,Solar PV,981.21,16.37,1407066.91,1145.88,1124.35,20.11,487961.49,2623,Yes,No,Construction
RE-01220,Australia,2014,Biomass,983.06,58.4,5029177.67,2196.21,2159.01,89.04,1799489.25,3678,No,No,Operational
RE-01221,China,2022,Hydroelectric,994.86,31.25,2723429.25,2649.81,2636.19,10.41,1185792.81,3811,Yes,No,Operational
RE-01222,Argentina,2022,Biomass,98.44,76.21,657185.05,3573.69,351.79,106.27,450681.67,96,Yes,Yes,Operational
RE-01223,India,2018,Geothermal,75.16,73.92,486690.46,3230.24,242.78,20.1,348980.49,108,No,No,Operational
RE-01224,Australia,2018,Hydroelectric,334.52,36.28,1063147.38,3513.17,1175.23,17.25,689443.67,184,Yes,No,Retired
RE-01225,Brazil,2012,Biogas,370.12,82.64,2679396.39,3113.51,1152.37,27.47,773466.72,1194,Yes,No,Operational
RE-01226,Brazil,2013,Hydroelectric,921.1,60.88,4912307.36,2648.8,2439.81,25.12,1602343.16,938,Yes,Yes,Operational
RE-01227,Spain,2023,Biogas,544.4,63.88,3046401.43,3519.66,1916.1,36.7,1752178.82,832,Yes,Yes,Planned
RE-01228,Australia,2020,Solar PV,1273.73,19.16,2137848.81,912.92,1162.81,55.71,1018628.29,3754,Yes,Yes,Operational
RE-01229,United States,2020,Solar CSP,885.7,25.94,2012615.08,4254.12,3767.87,38.71,855372.46,1126,Yes,No,Operational
RE-01230,South Korea,2011,Geothermal,1147.88,87.55,8803527.91,3389.6,3890.85,15.89,4434999.45,1640,Yes,No,Operational
RE-01231,Italy,2025,Solar CSP,756.21,38.44,2546419.21,3350.76,2533.88,34.02,1345258.49,2818,Yes,No,Operational
RE-01232,Norway,2025,Solar CSP,91.79,21.69,174405.04,4291.45,393.91,31.54,93570.59,193,Yes,No,Operational
RE-01233,Canada,2015,Onshore Wind,485.25,42.56,1809136.22,1552.42,753.31,15.8,855619.72,1255,Yes,No,Operational
RE-01234,Italy,2023,Biomass,394.36,82.84,2861785.34,2849.93,1123.9,45.97,1058814.11,916,Yes,Yes,Operational
RE-01235,South Korea,2016,Offshore Wind,1451.66,54.44,6922885.25,3353.77,4868.53,18.43,4471713.82,4594,Yes,No,Operational
RE-01236,Canada,2016,Offshore Wind,554.88,36.42,1770284.71,4261.55,2364.65,22.09,1189891.69,290,Yes,No,Operational
RE-01237,United Kingdom,2012,Solar CSP,1208.49,24.76,2621185.81,2734.45,3304.56,37.49,1452302.04,2199,Yes,Yes,Construction
RE-01238,Chile,2022,Geothermal,711.73,80.6,5025212.37,3681.92,2620.53,22.61,3273046.29,1257,Yes,No,Planned
RE-01239,Spain,2019,Geothermal,579.05,87.6,4443490.73,5189.29,3004.86,34.31,2056048.55,1435,Yes,No,Operational
RE-01240,Spain,2023,Hydroelectric,908.37,64.54,5135655.1,2634.2,2392.83,11.19,1738129.77,2617,Yes,No,Operational
RE-01241,Mexico,2025,Solar CSP,665.32,33.37,1944871.41,2837.59,1887.91,18.24,551715.81,1145,Yes,Yes,Operational
RE-01242,Germany,2015,Offshore Wind,179.64,37.95,597198.81,2816.67,505.99,19.84,427380.48,473,Yes,No,Retired
RE-01243,Sweden,2017,Hydroelectric,162.7,55.23,787166.68,4876.7,793.44,28.14,442467.51,422,Yes,Yes,Planned
RE-01244,Mexico,2013,Biogas,575.56,59.85,3017580.5,2184.27,1257.18,26.67,1608749.51,1061,Yes,Yes,Planned
RE-01245,Brazil,2020,Onshore Wind,1441.85,33.05,4174415.28,1102.98,1590.33,17.16,2770515.29,881,Yes,Yes,Operational
RE-01246,Chile,2026,Geothermal,25.66,91.67,206057.29,4068.44,104.4,46.27,125993.01,102,Yes,No,Operational
RE-01247,Poland,2020,Biomass,729.68,79.05,5052873.47,2762.58,2015.8,46.12,3442106.98,2467,Yes,No,Construction
RE-01248,Germany,2018,Onshore Wind,803.92,26.33,1854247.91,1327.38,1067.11,17.16,817320.48,423,Yes,No,Construction
RE-01249,United Kingdom,2016,Solar CSP,1118.03,38.88,3807884.96,3523.41,3939.28,39.01,1193544.73,2118,Yes,Yes,Operational
RE-01250,Japan,2018,Solar PV,815.97,29.16,2084326.82,1184.2,966.27,45.15,713344.14,1914,Yes,No,Planned
RE-01251,Mexico,2013,Biogas,930.58,72.34,5897070.57,2950.08,2745.29,33.08,3402654.89,3049,Yes,Yes,Planned
RE-01252,Mexico,2010,Onshore Wind,313.36,31.87,874842.21,2173.53,681.1,16.11,221778.82,332,Yes,No,Operational
RE-01253,Chile,2026,Offshore Wind,227.7,46.74,932300.34,3718.77,846.76,20.54,595146.09,416,Yes,No,Operational
RE-01254,France,2017,Geothermal,1330.43,70.86,8258426.03,2286.68,3042.27,23.23,5482032.57,1265,Yes,No,Operational
RE-01255,Italy,2015,Hydroelectric,700.9,37.98,2331927.94,4975.72,3487.48,9.07,1573978.03,1466,Yes,No,Operational
RE-01256,Chile,2014,Solar CSP,1438.45,30.19,3804188.16,5286.43,7604.27,19.92,1300016.76,3661,Yes,Yes,Operational
RE-01257,Japan,2011,Hydroelectric,1130.0,39.88,3947641.44,4930.94,5571.96,9.68,1686524.5,1977,Yes,No,Operational
RE-01258,France,2015,Hydroelectric,1242.08,30.01,3265274.3,3507.65,4356.78,12.04,1490219.84,2376,Yes,No,Operational
RE-01259,South Korea,2025,Geothermal,1090.39,78.78,7524920.96,4075.54,4443.93,30.59,4998708.22,1172,Yes,No,Operational
RE-01260,Poland,2021,Biogas,1001.85,72.93,6400487.04,2113.95,2117.86,62.86,2735012.73,2698,Yes,Yes,Construction
RE-01261,Germany,2017,Biomass,827.61,77.2,5596894.7,3562.75,2948.57,98.66,1977807.5,659,Yes,Yes,Operational
RE-01262,United Kingdom,2015,Geothermal,1487.69,73.93,9634679.14,3334.44,4960.61,51.83,7049251.84,1820,Yes,Yes,Construction
RE-01263,Brazil,2010,Hydroelectric,610.52,38.66,2067596.8,4052.83,2474.33,4.5,997513.84,1775,Yes,No,Operational
RE-01264,Chile,2024,Solar PV,509.02,17.17,765612.91,1159.52,590.22,45.32,357323.07,986,Yes,Yes,Construction
RE-01265,United Kingdom,2025,Geothermal,333.05,85.5,2494477.89,5802.29,1932.45,36.19,1842044.36,504,Yes,Yes,Retired
RE-01266,Chile,2015,Hydroelectric,1459.68,52.86,6759100.79,4692.59,6849.68,33.98,3608782.62,5837,Yes,No,Construction
RE-01267,Japan,2013,Onshore Wind,17.54,30.91,47493.34,1665.46,29.21,9.96,24079.98,48,Yes,No,Planned
RE-01268,Norway,2013,Geothermal,309.44,93.59,2536938.89,2864.47,886.38,21.06,1037061.71,762,Yes,Yes,Planned
RE-01269,South Korea,2012,Offshore Wind,445.43,42.41,1654824.12,4030.05,1795.11,20.93,447583.89,493,Yes,No,Construction
RE-01270,Poland,2012,Solar PV,1362.19,18.08,2157447.42,759.82,1035.02,40.4,820206.17,2756,Yes,Yes,Operational
RE-01271,Mexico,2016,Offshore Wind,170.48,54.93,820327.26,5394.71,919.69,8.7,252573.2,127,Yes,Yes,Planned
RE-01272,Japan,2020,Solar PV,1174.94,23.84,2453725.9,1351.14,1587.51,49.54,1704496.49,3567,Yes,No,Operational
RE-01273,France,2013,Onshore Wind,127.73,34.64,387592.09,1219.19,155.73,9.2,101518.12,189,Yes,Yes,Operational
RE-01274,United Kingdom,2015,Biogas,1011.14,72.21,6396063.14,1665.62,1684.18,58.24,1714783.53,2870,No,No,Operational
RE-01275,United Kingdom,2022,Biogas,1189.81,80.25,8364245.32,2223.04,2645.0,54.3,3017420.02,580,Yes,Yes,Planned
RE-01276,Spain,2026,Geothermal,1491.99,89.83,11740630.44,5503.0,8210.42,45.93,3556970.16,946,Yes,Yes,Operational
RE-01277,United States,2020,Solar PV,318.64,17.6,491266.41,1119.62,356.76,34.44,289006.05,213,Yes,No,Operational
RE-01278,Brazil,2016,Offshore Wind,1206.03,40.41,4269244.89,5527.14,6665.9,12.64,1569006.21,1781,Yes,No,Operational
RE-01279,United States,2019,Onshore Wind,579.08,43.17,2189902.2,2387.58,1382.6,13.85,1042118.5,946,Yes,Yes,Planned
RE-01280,South Africa,2018,Biogas,654.15,62.19,3563707.15,3233.05,2114.9,78.88,1779238.05,1040,Yes,Yes,Operational
RE-01281,Australia,2023,Solar CSP,158.33,28.76,398892.8,5004.83,792.41,27.12,158512.38,603,Yes,Yes,Operational
RE-01282,Norway,2019,Solar CSP,555.69,31.76,1546027.38,3112.0,1729.31,32.07,490522.58,1814,Yes,No,Operational
RE-01283,Italy,2018,Solar CSP,845.79,25.84,1914516.71,4532.77,3833.77,17.3,678398.54,2584,Yes,No,Construction
RE-01284,Canada,2021,Solar CSP,190.76,29.81,498142.27,4278.38,816.14,28.61,285702.03,595,No,Yes,Operational
RE-01285,United States,2014,Biomass,223.1,68.01,1329157.52,4155.93,927.19,64.5,431193.79,508,Yes,No,Planned
RE-01286,France,2026,Biogas,929.71,65.13,5304356.28,2229.58,2072.86,52.7,1578815.49,2738,Yes,Yes,Operational
RE-01287,France,2013,Biogas,192.06,73.23,1232054.91,1921.86,369.11,75.83,475421.99,642,Yes,No,Operational
RE-01288,Chile,2021,Onshore Wind,1275.76,32.82,3667850.82,1233.61,1573.79,12.41,1969565.77,3311,Yes,No,Operational
RE-01289,Spain,2014,Biogas,152.16,75.76,1009821.4,1854.26,282.14,64.38,553860.48,491,Yes,No,Operational
RE-01290,Spain,2010,Solar PV,1121.77,28.44,2794714.96,936.71,1050.77,56.06,850563.99,4396,Yes,Yes,Operational
RE-01291,Canada,2023,Geothermal,1476.36,77.42,10012661.71,3437.33,5074.74,26.16,3278286.12,4775,No,No,Operational
RE-01292,Italy,2016,Solar PV,1489.28,27.64,3605940.05,1343.62,2001.03,20.9,1024767.5,4852,Yes,No,Construction
RE-01293,Brazil,2017,Onshore Wind,215.93,33.89,641045.21,2232.36,482.03,11.3,180341.87,831,Yes,No,Operational
RE-01294,South Africa,2010,Geothermal,1286.5,77.01,8678826.77,3609.98,4644.24,26.03,5030859.17,3475,Yes,No,Operational
RE-01295,Poland,2023,Solar CSP,987.48,31.4,2716201.99,2626.29,2593.41,34.72,1551759.52,838,Yes,Yes,Planned
RE-01296,United Kingdom,2017,Biomass,933.15,75.39,6162675.64,1942.58,1812.72,70.94,2227125.5,1043,Yes,Yes,Planned
RE-01297,Brazil,2016,Biogas,448.91,82.2,3232475.22,2768.01,1242.59,64.93,1932778.96,1587,Yes,No,Operational
RE-01298,India,2026,Solar CSP,916.99,32.16,2583358.9,4857.48,4454.26,44.77,706401.18,2395,Yes,Yes,Planned
RE-01299,United States,2017,Hydroelectric,247.55,59.9,1298954.26,4817.36,1192.54,7.08,812938.1,290,Yes,No,Operational
RE-01300,Mexico,2011,Solar PV,1108.83,20.5,1991236.91,833.64,924.37,29.2,1288929.57,2931,Yes,Yes,Operational
RE-01301,United Kingdom,2023,Hydroelectric,399.42,35.92,1256811.78,3021.71,1206.93,14.33,430755.13,1531,Yes,Yes,Operational
RE-01302,Poland,2010,Offshore Wind,1397.96,44.48,5447078.45,5693.63,7959.47,13.17,2938536.38,5224,Yes,No,Planned
RE-01303,Chile,2025,Onshore Wind,313.2,29.5,809371.44,1815.62,568.65,19.94,400700.51,498,Yes,Yes,Operational
RE-01304,United States,2012,Hydroelectric,1083.6,41.39,3928877.87,2339.32,2534.89,19.88,1617606.25,1966,Yes,Yes,Construction
RE-01305,Canada,2011,Solar CSP,329.49,24.19,698203.81,3494.1,1151.27,19.81,295672.6,420,Yes,Yes,Operational
RE-01306,Italy,2020,Solar PV,185.79,26.37,429177.13,755.42,140.35,38.59,309828.62,180,Yes,No,Retired
RE-01307,Norway,2016,Hydroelectric,973.32,35.33,3012335.85,3852.47,3749.69,11.83,1676798.09,699,Yes,No,Construction
RE-01308,Japan,2011,Hydroelectric,1488.6,46.08,6008894.67,3945.9,5873.87,4.57,4221509.99,3895,Yes,No,Construction
RE-01309,Norway,2024,Offshore Wind,1212.05,46.74,4962646.61,4173.24,5058.18,24.07,2814315.71,2856,Yes,No,Operational
RE-01310,South Korea,2023,Hydroelectric,1289.71,45.48,5138266.55,2339.32,3017.04,21.88,2879329.2,2945,Yes,Yes,Operational
RE-01311,Australia,2024,Solar CSP,1409.18,29.37,3625555.21,3077.93,4337.36,27.61,1733317.12,3199,Yes,No,Construction
RE-01312,Sweden,2010,Onshore Wind,566.55,32.74,1624879.0,1557.0,882.12,19.37,727332.48,1462,Yes,No,Operational
RE-01313,Italy,2017,Solar CSP,1264.35,23.54,2607221.19,4282.88,5415.06,27.0,1936893.62,3789,Yes,No,Operational
RE-01314,Chile,2019,Solar PV,224.83,24.05,473667.35,1095.95,246.4,54.46,180555.73,605,Yes,No,Operational
RE-01315,Sweden,2016,Biomass,259.86,75.0,1707280.2,2655.17,689.97,100.58,524642.39,624,Yes,Yes,Operational
RE-01316,Norway,2011,Hydroelectric,1443.98,33.18,4197026.06,4050.12,5848.29,25.47,2454156.94,3260,No,No,Planned
RE-01317,China,2014,Biomass,1209.66,87.89,9313370.72,4257.23,5149.8,60.85,6268631.81,898,Yes,No,Operational
RE-01318,United States,2011,Geothermal,347.68,71.06,2164257.93,3823.63,1329.4,48.6,1339672.15,1126,Yes,No,Operational
RE-01319,Germany,2018,Solar CSP,170.7,33.16,495852.09,4660.54,795.55,33.33,308907.41,141,Yes,No,Operational
RE-01320,Spain,2024,Biomass,731.41,63.87,4092247.73,2776.62,2030.85,50.78,2189558.58,2696,Yes,No,Planned
RE-01321,Germany,2017,Solar PV,1247.06,21.14,2309385.52,1096.22,1367.05,26.29,721658.52,3244,Yes,No,Operational
RE-01322,France,2016,Biomass,1341.79,84.58,9941601.2,3217.12,4316.7,58.53,3340077.13,1848,Yes,Yes,Construction
RE-01323,United Kingdom,2013,Biomass,718.28,66.62,4191818.87,3159.75,2269.59,83.45,3124864.66,2614,Yes,No,Planned
RE-01324,South Korea,2017,Geothermal,719.05,74.27,4678176.69,5066.73,3643.23,30.54,1975519.84,1299,Yes,Yes,Construction
RE-01325,China,2021,Hydroelectric,763.79,31.89,2133696.25,4796.94,3663.85,16.76,1012922.36,1559,Yes,Yes,Planned
RE-01326,Mexico,2016,Onshore Wind,1499.57,39.45,5182244.0,1186.12,1778.67,14.31,2154019.91,5744,Yes,No,Operational
RE-01327,Poland,2026,Geothermal,1001.41,82.85,7267893.3,3712.19,3717.42,27.98,4380429.88,2519,Yes,No,Operational
RE-01328,China,2019,Biomass,623.07,83.11,4536221.26,2683.02,1671.71,93.87,3159412.1,1974,Yes,No,Operational
RE-01329,Brazil,2010,Solar PV,1187.28,26.93,2800874.26,720.64,855.6,57.91,1324673.24,4344,Yes,No,Retired
RE-01330,Norway,2016,Biomass,341.66,67.86,2031010.17,3830.07,1308.58,48.34,1452012.16,389,Yes,No,Planned
RE-01331,United Kingdom,2026,Hydroelectric,633.8,54.38,3019225.45,2525.5,1600.66,28.82,1992576.56,927,Yes,Yes,Planned
RE-01332,Argentina,2012,Solar PV,1415.6,29.55,3664393.85,1517.95,2148.81,43.98,1406079.23,4680,Yes,No,Operational
RE-01333,Japan,2010,Offshore Wind,1497.58,54.28,7120885.07,3619.51,5420.51,20.34,1782678.6,3606,Yes,Yes,Operational
RE-01334,Spain,2023,Onshore Wind,372.97,35.73,1167376.71,1850.55,690.2,16.24,687086.21,474,Yes,No,Planned
RE-01335,India,2026,Geothermal,1439.61,85.85,10826529.42,5598.23,8059.27,32.92,6968688.59,5526,Yes,No,Operational
RE-01336,Germany,2018,Biomass,1231.04,78.15,8427625.98,2474.67,3046.42,95.48,3705608.04,2964,Yes,No,Construction
RE-01337,Norway,2022,Hydroelectric,1130.02,43.69,4324862.26,4009.59,4530.92,11.4,2113621.64,2824,Yes,Yes,Planned
RE-01338,United Kingdom,2016,Geothermal,828.31,90.7,6581188.01,4947.97,4098.45,49.51,4326740.17,1155,No,No,Operational
RE-01339,South Africa,2010,Solar CSP,455.94,38.4,1533709.21,5352.61,2440.47,39.95,687671.68,275,Yes,Yes,Operational
RE-01340,Brazil,2016,Hydroelectric,309.53,56.38,1528734.0,3021.45,935.23,17.55,839566.45,1193,Yes,No,Construction
RE-01341,Italy,2022,Offshore Wind,1035.68,46.42,4211480.87,4897.33,5072.07,15.85,1884550.29,1423,Yes,No,Operational
RE-01342,Mexico,2014,Onshore Wind,510.62,33.65,1505175.0,2019.0,1030.94,11.33,382281.2,359,Yes,Yes,Operational
RE-01343,China,2019,Onshore Wind,1400.22,40.08,4916183.62,1140.35,1596.74,11.95,3179435.99,1873,Yes,Yes,Operational
RE-01344,Australia,2018,Biogas,1487.2,80.21,10449656.13,2369.62,3524.1,74.97,3773515.26,2653,Yes,No,Operational
RE-01345,United Kingdom,2018,Hydroelectric,331.03,44.11,1279111.84,2001.66,662.61,30.62,334701.73,946,Yes,Yes,Operational
RE-01346,Italy,2015,Onshore Wind,961.7,46.63,3928340.62,1531.86,1473.19,14.6,2753221.02,1389,Yes,No,Planned
RE-01347,United Kingdom,2019,Hydroelectric,1083.45,46.84,4445594.7,3711.22,4020.92,34.21,1669588.78,3524,Yes,No,Planned
RE-01348,Poland,2016,Hydroelectric,1256.31,42.81,4711358.48,4724.06,5934.88,24.1,3069825.37,1737,Yes,No,Operational
RE-01349,Italy,2016,Biogas,1170.7,76.03,7797128.92,3643.89,4265.9,73.06,5641582.02,2568,Yes,No,Operational
RE-01350,Germany,2020,Hydroelectric,829.33,56.42,4098873.96,3539.42,2935.35,28.1,2741346.33,1123,Yes,No,Operational
RE-01351,France,2018,Onshore Wind,823.3,43.8,3158903.3,1699.29,1399.03,8.05,1559386.23,2812,Yes,No,Operational
RE-01352,United Kingdom,2014,Hydroelectric,656.26,55.83,3209576.03,4474.39,2936.36,5.82,2073443.6,1964,Yes,No,Planned
RE-01353,Spain,2013,Hydroelectric,471.49,62.77,2592559.43,3714.15,1751.18,20.7,1835155.43,1672,Yes,Yes,Construction
RE-01354,South Africa,2012,Geothermal,74.42,75.58,492720.53,5217.08,388.26,35.8,144519.45,101,Yes,Yes,Planned
RE-01355,United States,2021,Solar PV,1102.64,14.22,1373527.77,1084.76,1196.1,32.71,928453.54,4227,No,Yes,Operational
RE-01356,China,2024,Offshore Wind,540.79,56.18,2661426.6,3608.32,1951.34,21.53,933764.52,600,Yes,No,Operational
RE-01357,United Kingdom,2020,Onshore Wind,15.59,26.3,35917.49,1187.01,18.51,17.66,13232.94,24,Yes,No,Operational
RE-01358,France,2010,Hydroelectric,1108.59,38.23,3712610.26,4066.75,4508.36,4.47,2613692.11,4234,Yes,No,Operational
RE-01359,South Africa,2024,Geothermal,811.54,85.28,6062632.29,2969.52,2409.88,18.08,3614332.51,2137,Yes,No,Operational
RE-01360,Australia,2021,Biomass,1202.09,84.12,8858095.43,4488.77,5395.91,69.3,5389861.69,3458,Yes,No,Operational
RE-01361,Germany,2017,Biogas,271.03,76.07,1806071.28,3275.06,887.64,59.6,593040.84,651,Yes,No,Planned
RE-01362,France,2018,Solar PV,898.11,28.0,2202884.21,1083.18,972.81,55.35,701025.29,1538,Yes,No,Planned
RE-01363,Japan,2021,Biomass,939.49,64.18,5281970.61,4313.99,4052.95,75.08,2025641.15,3716,Yes,Yes,Operational
RE-01364,Japan,2014,Offshore Wind,724.56,56.96,3615334.13,3110.38,2253.66,18.47,2205325.16,1910,Yes,No,Construction
RE-01365,South Africa,2024,Biomass,505.18,70.17,3105286.9,3516.96,1776.7,61.71,1053907.77,1959,Yes,No,Operational
RE-01366,United States,2020,Solar CSP,96.96,22.71,192891.84,3787.59,367.24,39.88,81204.75,188,Yes,Yes,Operational
RE-01367,Argentina,2016,Solar CSP,513.48,28.54,1283753.4,2533.35,1300.82,41.59,948274.49,1799,Yes,No,Operational
RE-01368,Australia,2011,Solar PV,1164.55,16.32,1664877.95,1567.64,1825.6,25.05,794712.74,1132,Yes,No,Operational
RE-01369,South Korea,2014,Offshore Wind,1164.82,55.13,5625367.73,6195.13,7216.21,23.86,3953457.33,3145,No,Yes,Operational
RE-01370,France,2019,Onshore Wind,426.21,39.16,1462077.6,2276.89,970.43,13.38,770420.29,819,Yes,Yes,Operational
RE-01371,Sweden,2020,Onshore Wind,802.78,34.37,2417019.66,1534.19,1231.62,7.67,1426713.73,1539,Yes,No,Operational
RE-01372,Sweden,2019,Offshore Wind,199.25,39.46,688746.68,5442.35,1084.39,10.14,268678.0,723,Yes,No,Planned
RE-01373,Australia,2015,Biomass,948.93,67.5,5611023.09,3682.18,3494.13,64.62,1406451.67,700,Yes,No,Planned
RE-01374,India,2014,Biomass,620.74,61.88,3364837.87,4290.85,2663.5,83.14,1523295.85,2353,Yes,No,Operational
RE-01375,France,2012,Offshore Wind,598.5,51.09,2678577.17,4053.91,2426.27,19.72,1748026.7,2130,Yes,Yes,Construction
RE-01376,Germany,2025,Solar PV,1061.98,17.42,1620572.98,1280.49,1359.85,25.02,542685.77,2773,Yes,No,Construction
RE-01377,Italy,2020,Solar CSP,1096.08,37.47,3597742.3,5234.27,5737.18,17.42,1927578.61,3393,Yes,Yes,Operational
RE-01378,Germany,2015,Solar CSP,999.48,33.43,2926945.2,4471.34,4469.01,22.57,1854763.28,2789,Yes,Yes,Operational
RE-01379,Poland,2025,Biomass,490.2,55.66,2390125.0,2182.39,1069.81,37.73,1078949.32,1602,Yes,Yes,Operational
RE-01380,China,2023,Offshore Wind,1012.41,54.61,4843203.4,3813.19,3860.51,16.51,2849931.17,1019,Yes,Yes,Operational
RE-01381,Brazil,2023,Biogas,1057.82,80.93,7499381.04,3740.98,3957.28,43.1,4279757.18,4227,Yes,No,Operational
RE-01382,Australia,2018,Solar CSP,732.75,39.65,2545089.88,4364.11,3197.8,35.14,1619931.58,470,Yes,No,Planned
RE-01383,Norway,2026,Solar PV,969.1,24.13,2048471.95,1197.22,1160.23,44.3,1139071.19,535,Yes,Yes,Operational
RE-01384,Brazil,2019,Solar PV,1201.8,29.43,3098322.12,1264.98,1520.25,57.82,2143859.45,1423,Yes,Yes,Operational
RE-01385,Japan,2019,Geothermal,424.69,92.82,3453167.98,4530.95,1924.25,29.38,2563356.75,1627,Yes,No,Operational
RE-01386,South Korea,2022,Biomass,98.18,73.28,630249.62,3156.79,309.93,38.21,184963.13,46,Yes,Yes,Operational
RE-01387,Italy,2023,Biomass,921.13,77.24,6232571.91,1885.07,1736.39,106.36,2013714.0,1372,No,No,Planned
RE-01388,India,2017,Hydroelectric,792.0,53.3,3697911.36,2262.16,1791.63,12.35,2745038.86,3109,Yes,Yes,Operational
RE-01389,United Kingdom,2018,Solar CSP,336.43,34.27,1009980.35,2724.46,916.59,18.11,392344.18,1076,Yes,No,Planned
RE-01390,United Kingdom,2017,Onshore Wind,1096.72,31.58,3033974.98,1937.81,2125.23,12.86,2164176.55,4316,Yes,No,Operational
RE-01391,Germany,2021,Solar PV,298.35,18.43,481676.53,1170.54,349.23,49.68,294182.51,1053,No,No,Planned
RE-01392,Chile,2023,Hydroelectric,797.64,55.77,3896831.93,4923.53,3927.2,4.36,1611563.16,1302,Yes,No,Operational
RE-01393,United Kingdom,2016,Onshore Wind,1067.82,34.36,3214069.86,1287.28,1374.58,14.94,1643370.37,4201,No,Yes,Construction
RE-01394,Poland,2024,Geothermal,1069.05,81.69,7650168.84,3007.09,3214.73,16.83,5119065.56,3563,Yes,No,Construction
RE-01395,Chile,2019,Hydroelectric,476.53,60.83,2539289.22,3855.81,1837.41,26.33,1462776.0,1427,No,Yes,Planned
RE-01396,South Korea,2016,Solar CSP,977.18,33.16,2838528.1,2827.14,2762.62,28.09,1577716.91,678,Yes,No,Operational
RE-01397,Norway,2015,Onshore Wind,378.04,39.86,1320015.88,1715.0,648.34,17.28,668254.63,172,Yes,No,Operational
RE-01398,Chile,2010,Offshore Wind,690.49,39.49,2388628.63,4795.11,3310.98,15.83,1734768.55,495,Yes,No,Operational
RE-01399,Japan,2020,Biomass,1296.49,80.99,9198238.72,4324.96,5607.27,96.25,4111552.14,4814,Yes,No,Planned
RE-01400,Australia,2017,Solar CSP,128.38,35.97,404521.79,3112.31,399.56,38.37,242852.58,135,Yes,No,Operational
RE-01401,Spain,2026,Geothermal,985.28,84.71,7311364.83,2263.7,2230.38,22.97,1924955.95,1576,Yes,No,Operational
RE-01402,Norway,2024,Onshore Wind,1375.55,29.26,3525776.75,1956.81,2691.69,7.59,1817798.18,4222,Yes,Yes,Planned
RE-01403,China,2013,Biomass,1084.59,75.2,7144758.32,2241.96,2431.61,98.05,3686984.63,871,Yes,No,Operational
RE-01404,Mexico,2026,Biogas,1112.22,73.58,7168934.13,2257.86,2511.24,73.51,3602361.66,1840,Yes,No,Operational
RE-01405,South Korea,2023,Biomass,817.7,85.97,6158075.8,4008.75,3277.95,65.45,2971022.94,3145,Yes,Yes,Operational
RE-01406,South Korea,2021,Biogas,1391.2,78.08,9515540.89,2261.7,3146.48,82.66,2535326.07,2674,Yes,No,Operational
RE-01407,India,2013,Onshore Wind,307.63,43.48,1171715.91,1199.06,368.87,13.41,405206.55,476,Yes,No,Operational
RE-01408,Japan,2023,Onshore Wind,129.61,42.63,484014.03,1422.81,184.41,18.93,122348.85,311,Yes,No,Planned
RE-01409,Mexico,2011,Hydroelectric,623.92,60.23,3291894.26,4643.95,2897.45,19.45,1741357.57,1965,Yes,No,Operational
RE-01410,Norway,2021,Biomass,725.37,58.89,3742012.64,4018.54,2914.93,86.15,1044031.26,2057,Yes,Yes,Operational
RE-01411,Norway,2022,Onshore Wind,776.41,25.13,1709179.66,1849.95,1436.32,7.09,1218994.03,1057,Yes,Yes,Operational
RE-01412,China,2019,Biomass,1413.9,72.2,8942521.61,2759.74,3902.0,38.79,4845547.68,2499,Yes,No,Construction
RE-01413,Canada,2024,Biomass,148.32,69.55,903651.47,4213.04,624.88,71.08,481264.11,525,Yes,No,Operational
RE-01414,United Kingdom,2014,Solar CSP,791.15,21.08,1460943.92,2695.78,2132.77,27.44,609908.97,2070,Yes,Yes,Operational
RE-01415,France,2017,Biogas,371.01,54.82,1781676.09,3034.18,1125.71,73.35,1055881.89,517,Yes,No,Operational
RE-01416,Chile,2023,Biomass,712.65,62.85,3923608.6,3657.81,2606.74,61.23,1278931.91,674,Yes,No,Operational
RE-01417,United States,2019,Hydroelectric,448.16,49.34,1937029.98,4793.36,2148.19,30.94,1042538.44,853,No,No,Operational
RE-01418,China,2021,Geothermal,16.71,89.12,130453.5,2522.68,42.15,19.26,83601.57,48,Yes,No,Planned
RE-01419,Chile,2017,Hydroelectric,1494.45,42.52,5566455.63,2348.82,3510.19,30.23,2548240.67,5302,Yes,Yes,Operational
RE-01420,Japan,2020,Solar PV,604.59,15.45,818264.2,1036.12,626.43,33.92,467831.07,1661,Yes,No,Construction
RE-01421,Brazil,2014,Geothermal,611.21,85.34,4569273.94,3730.91,2280.37,16.23,1650915.22,1952,Yes,No,Operational
RE-01422,China,2025,Solar CSP,575.56,25.25,1273081.16,2815.1,1620.26,35.16,617407.79,1907,Yes,No,Operational
RE-01423,China,2013,Solar CSP,1245.82,22.09,2410766.35,5206.38,6486.21,15.81,1232205.77,759,Yes,No,Planned
RE-01424,Norway,2011,Biomass,268.3,81.29,1910565.37,2991.99,802.75,36.12,942639.49,892,Yes,No,Construction
RE-01425,Sweden,2017,Solar PV,485.6,25.62,1089837.91,1032.03,501.15,26.8,447303.84,1727,Yes,Yes,Operational
RE-01426,South Africa,2019,Onshore Wind,805.63,41.78,2948547.79,2104.87,1695.75,11.58,1914943.08,3110,Yes,No,Operational
RE-01427,Argentina,2024,Biomass,134.17,79.74,937207.5,2777.38,372.64,83.11,652748.05,345,Yes,No,Construction
RE-01428,South Korea,2023,Solar PV,1238.12,27.78,3012999.69,1009.69,1250.12,38.97,2030812.27,4553,Yes,Yes,Operational
RE-01429,South Korea,2023,Solar CSP,1312.6,32.77,3768017.82,2839.8,3727.52,24.11,2556643.44,2167,Yes,No,Operational
RE-01430,Brazil,2024,Solar PV,469.64,29.26,1203769.98,1088.76,511.33,37.66,393072.79,702,Yes,No,Operational
RE-01431,Australia,2025,Biogas,571.01,80.25,4014143.2,1675.76,956.88,47.57,2719719.46,2081,Yes,No,Construction
RE-01432,Argentina,2016,Biomass,699.89,76.8,4708635.96,3387.07,2370.58,110.23,2292739.95,728,Yes,No,Operational
RE-01433,Canada,2024,Geothermal,84.33,79.79,589433.31,5240.67,441.95,31.3,389718.03,64,Yes,No,Operational
RE-01434,United Kingdom,2021,Hydroelectric,989.36,64.3,5572748.28,4514.48,4466.45,30.24,2834251.1,2405,Yes,No,Planned
RE-01435,Sweden,2023,Onshore Wind,1319.57,27.62,3192715.45,1480.43,1953.53,19.69,1667836.49,1366,Yes,No,Planned
RE-01436,United States,2017,Hydroelectric,680.83,30.72,1832162.55,4642.1,3160.48,9.39,1030476.64,1670,Yes,No,Construction
RE-01437,United Kingdom,2020,Biomass,136.36,67.1,801518.63,3275.8,446.69,62.64,505089.34,210,Yes,No,Operational
RE-01438,Italy,2012,Biomass,481.47,76.03,3206699.98,2374.4,1143.2,102.61,1721330.68,1851,Yes,No,Planned
RE-01439,Argentina,2013,Solar PV,949.48,20.25,1684282.57,1369.41,1300.23,20.98,781264.66,2607,Yes,No,Planned
RE-01440,Chile,2024,Offshore Wind,551.39,57.78,2790875.92,6177.42,3406.17,8.58,1437764.34,350,No,No,Operational
RE-01441,India,2014,Onshore Wind,853.66,28.33,2118534.85,2138.64,1825.67,13.39,1129669.4,2925,Yes,No,Planned
RE-01442,Canada,2021,Solar CSP,1192.96,31.02,3241692.24,4185.29,4992.88,31.93,901461.75,1549,Yes,No,Operational
RE-01443,United Kingdom,2026,Hydroelectric,70.36,45.74,281920.14,2956.08,207.99,7.3,204504.07,271,No,Yes,Retired
RE-01444,Japan,2012,Onshore Wind,322.28,38.79,1095108.73,2137.79,688.97,11.15,467475.52,858,Yes,Yes,Operational
RE-01445,United Kingdom,2022,Solar PV,550.53,22.12,1066768.59,875.91,482.21,27.76,613632.63,435,Yes,No,Operational
RE-01446,Japan,2018,Geothermal,84.28,92.33,681665.74,3220.91,271.46,16.7,362102.35,101,Yes,No,Planned
RE-01447,Chile,2020,Biogas,1466.83,66.23,8510178.02,1694.53,2485.59,78.26,3069169.62,1517,Yes,Yes,Operational
RE-01448,Poland,2018,Solar PV,1127.56,29.0,2864453.42,784.65,884.74,26.02,1560901.55,849,Yes,No,Planned
RE-01449,Chile,2013,Onshore Wind,1002.31,39.86,3499801.91,2217.5,2222.62,11.08,2187536.95,3114,Yes,No,Operational
RE-01450,Spain,2017,Solar CSP,654.23,37.02,2121636.49,2502.07,1636.93,30.03,725961.22,1785,Yes,No,Operational
RE-01451,Chile,2015,Onshore Wind,470.67,42.14,1737461.36,1271.25,598.34,17.03,1003395.39,1686,Yes,Yes,Planned
RE-01452,Sweden,2020,Onshore Wind,934.69,41.85,3426629.62,1469.63,1373.65,14.85,2228888.78,677,No,No,Planned
RE-01453,South Korea,2023,Solar PV,442.17,23.3,902504.34,808.15,357.34,50.17,294956.32,1556,Yes,Yes,Construction
RE-01454,Brazil,2013,Solar CSP,297.3,23.73,618011.78,3417.39,1015.99,43.24,304871.91,398,Yes,Yes,Operational
RE-01455,South Africa,2011,Onshore Wind,41.49,27.37,99476.92,1514.08,62.82,16.76,28201.02,117,Yes,Yes,Planned
RE-01456,South Korea,2021,Hydroelectric,1464.75,58.3,7480595.43,2196.06,3216.68,33.36,4918461.77,1705,Yes,No,Operational
RE-01457,Sweden,2023,Biogas,608.48,75.33,4015303.54,1820.44,1107.7,72.13,2031565.67,2215,Yes,Yes,Operational
RE-01458,South Africa,2012,Solar CSP,185.16,24.42,396092.79,4929.06,912.66,22.4,143047.59,522,Yes,No,Construction
RE-01459,Spain,2014,Solar PV,897.29,27.86,2189868.55,1028.03,922.44,49.46,1002776.92,2113,Yes,No,Operational
RE-01460,India,2025,Geothermal,912.1,78.17,6245779.87,2489.87,2271.01,52.03,2545166.92,1269,Yes,No,Operational
RE-01461,Poland,2024,Offshore Wind,1024.47,35.09,3149101.94,4893.0,5012.73,11.94,811471.8,2694,Yes,No,Operational
RE-01462,South Africa,2011,Solar CSP,820.12,23.64,1698356.98,4051.73,3322.9,43.78,784819.45,1583,Yes,Yes,Operational
RE-01463,South Africa,2019,Geothermal,1341.41,88.39,10386489.34,2565.51,3441.4,31.03,2624125.14,2023,Yes,No,Operational
RE-01464,Sweden,2025,Geothermal,1325.91,87.07,10113155.77,5609.84,7438.14,47.32,5395693.47,1949,Yes,No,Operational
RE-01465,Italy,2026,Biomass,491.26,79.38,3416068.77,2691.08,1322.02,116.03,916316.09,821,Yes,Yes,Planned
RE-01466,Japan,2010,Biomass,159.55,74.15,1036363.41,2403.17,383.43,53.29,577981.94,134,Yes,Yes,Planned
RE-01467,Poland,2019,Biomass,323.45,85.57,2424559.21,4021.82,1300.86,57.55,1771202.22,441,Yes,Yes,Construction
RE-01468,Poland,2014,Onshore Wind,1341.8,30.54,3589722.91,1321.3,1772.92,11.66,1159675.57,5107,Yes,No,Construction
RE-01469,Spain,2014,Offshore Wind,211.84,44.88,832846.42,5867.37,1242.94,13.62,212193.84,588,Yes,Yes,Operational
RE-01470,Germany,2023,Solar CSP,1320.74,35.88,4151202.05,2608.08,3444.6,38.69,2680073.03,3682,No,No,Operational
RE-01471,Mexico,2016,Solar PV,525.53,22.08,1016484.33,1558.34,818.95,44.62,413169.91,1991,Yes,No,Operational
RE-01472,Italy,2017,Geothermal,719.36,93.09,5866153.48,3209.52,2308.8,28.33,3402838.85,2583,Yes,Yes,Planned
RE-01473,Chile,2023,Geothermal,519.76,78.94,3594215.25,3984.23,2070.84,41.95,1906805.06,1660,Yes,Yes,Planned
RE-01474,United States,2013,Solar PV,192.62,16.88,284824.88,900.75,173.5,36.07,164555.01,696,Yes,No,Operational
RE-01475,Canada,2023,Biogas,166.62,60.54,883636.51,1832.76,305.37,38.92,480078.79,142,Yes,Yes,Operational
RE-01476,Germany,2016,Solar PV,1344.65,25.32,2982476.73,753.49,1013.18,55.82,1362841.09,1981,Yes,No,Operational
RE-01477,Australia,2015,Offshore Wind,235.34,48.65,1002957.89,6340.56,1492.19,15.08,750315.9,243,No,No,Operational
RE-01478,United Kingdom,2018,Biomass,129.41,74.86,848636.62,4495.0,581.7,66.85,281299.72,176,Yes,No,Operational
RE-01479,United Kingdom,2022,Hydroelectric,132.93,51.81,603310.25,3162.24,420.36,7.94,342192.97,375,Yes,No,Operational
RE-01480,South Africa,2012,Offshore Wind,1416.12,37.2,4614738.57,6300.5,8922.26,21.18,1399752.11,3213,Yes,No,Planned
RE-01481,South Africa,2016,Hydroelectric,763.43,37.96,2538630.73,3531.03,2695.69,28.88,907888.32,1826,Yes,No,Construction
RE-01482,Germany,2021,Onshore Wind,899.32,39.97,3148853.87,1985.06,1785.2,14.48,2151934.21,1165,Yes,No,Operational
RE-01483,India,2025,Onshore Wind,918.82,46.13,3712940.59,1834.44,1685.52,17.67,2267289.1,2104,Yes,Yes,Planned
RE-01484,Argentina,2024,Onshore Wind,1128.03,36.7,3626526.21,1501.07,1693.25,19.88,991808.46,2814,Yes,Yes,Operational
RE-01485,Sweden,2021,Offshore Wind,163.38,53.42,764551.74,5112.73,835.32,9.71,300780.25,146,Yes,Yes,Operational
RE-01486,Spain,2015,Biomass,964.97,56.15,4746436.54,1895.65,1829.25,64.7,2820660.32,2701,Yes,Yes,Construction
RE-01487,Poland,2010,Biogas,835.62,64.84,4746308.23,2173.81,1816.48,58.82,1701949.38,2031,Yes,No,Operational
RE-01488,Norway,2025,Solar CSP,1125.72,41.03,4046094.34,3109.38,3500.29,21.26,1628210.72,4060,Yes,Yes,Construction
RE-01489,Poland,2010,Onshore Wind,823.67,35.35,2550625.94,1912.32,1575.12,16.5,1052118.39,2216,Yes,No,Construction
RE-01490,Australia,2022,Hydroelectric,1080.89,38.57,3652037.63,3177.68,3434.72,15.99,978420.93,2029,Yes,Yes,Planned
RE-01491,Norway,2012,Solar CSP,751.93,37.26,2454281.47,4313.44,3243.4,20.08,1372202.42,2351,Yes,Yes,Operational
RE-01492,Chile,2019,Biomass,1171.56,77.44,7947563.12,3887.6,4554.56,117.24,4309754.44,4282,Yes,Yes,Planned
RE-01493,Argentina,2021,Onshore Wind,1466.93,30.6,3932193.88,1533.06,2248.89,17.68,1106695.52,3930,Yes,Yes,Planned
RE-01494,United States,2018,Hydroelectric,1120.52,55.64,5461486.19,3878.98,4346.47,16.7,1442708.06,3682,Yes,Yes,Planned
RE-01495,Sweden,2015,Biomass,383.45,87.12,2926379.97,2032.02,779.18,48.66,1372936.79,1240,Yes,No,Operational
RE-01496,Norway,2015,Biogas,175.4,81.86,1257782.17,3844.74,674.37,44.7,834984.06,468,Yes,No,Retired
RE-01497,India,2015,Hydroelectric,2.71,64.19,15238.45,3124.75,8.47,17.36,9239.16,6,Yes,No,Operational
RE-01498,Sweden,2020,Onshore Wind,1290.9,25.41,2873434.96,2217.2,2862.18,16.77,2078674.1,1601,Yes,No,Planned
RE-01499,China,2026,Solar CSP,625.69,31.86,1746260.75,3011.65,1884.36,35.82,1167698.74,2049,No,Yes,Operational
RE-01500,Poland,2020,Onshore Wind,805.23,42.43,2992933.62,1892.49,1523.89,8.0,1017375.44,1864,Yes,No,Operational
RE-01501,Italy,2010,Offshore Wind,1179.04,46.44,4796504.5,4793.52,5651.75,15.97,1835491.37,1644,Yes,Yes,Operational
RE-01502,South Africa,2014,Solar PV,579.33,22.17,1125112.16,1047.83,607.04,31.61,284569.41,2014,Yes,No,Planned
RE-01503,Mexico,2010,Hydroelectric,1012.88,34.15,3030071.04,3265.49,3307.55,30.25,865836.51,4013,Yes,Yes,Operational
RE-01504,Spain,2010,Hydroelectric,323.76,47.17,1337806.11,1840.93,596.02,34.98,556603.89,689,Yes,No,Planned
RE-01505,Chile,2026,Geothermal,284.58,79.76,1988353.63,4809.9,1368.8,16.8,1209858.41,118,Yes,No,Operational
RE-01506,South Africa,2019,Biogas,1105.03,78.26,7575617.15,3580.92,3957.02,26.42,2101038.27,1231,Yes,No,Operational
RE-01507,Mexico,2026,Biogas,140.57,77.19,950512.41,2754.11,387.15,52.22,249778.02,424,Yes,No,Operational
RE-01508,Germany,2020,Biomass,923.76,69.33,5610279.0,4170.79,3852.81,96.07,1712537.62,3028,Yes,No,Operational
RE-01509,China,2010,Solar PV,1101.81,16.09,1552983.57,1489.54,1641.19,57.93,928106.35,2554,Yes,Yes,Planned
RE-01510,United Kingdom,2010,Hydroelectric,469.96,36.7,1510883.8,4975.71,2338.38,33.22,641696.8,627,Yes,No,Planned
RE-01511,Mexico,2025,Onshore Wind,1139.42,27.07,2701943.11,2012.77,2293.39,19.83,1179793.37,4071,No,No,Operational
RE-01512,Spain,2016,Offshore Wind,75.54,44.09,291756.93,6186.91,467.36,11.95,211606.6,57,Yes,No,Construction
RE-01513,Germany,2025,Onshore Wind,1486.55,39.76,5177617.97,2116.94,3146.94,7.42,2400629.44,2137,Yes,No,Planned
RE-01514,Canada,2018,Biomass,1430.81,58.33,7311021.3,2736.95,3916.06,88.57,3076025.22,4088,Yes,No,Operational
RE-01515,Sweden,2013,Offshore Wind,79.42,46.29,322048.42,3308.87,262.79,13.42,215842.38,303,Yes,No,Operational
RE-01516,Germany,2013,Biomass,642.45,86.12,4846714.75,3511.09,2255.7,57.75,2769400.31,2458,Yes,No,Operational
RE-01517,United Kingdom,2012,Biomass,1348.4,55.06,6503678.39,3800.93,5125.17,42.41,3635540.92,3553,Yes,No,Operational
RE-01518,Brazil,2017,Biomass,953.89,71.4,5966238.55,2010.44,1917.74,116.22,2429510.57,388,Yes,No,Construction
RE-01519,Sweden,2012,Onshore Wind,607.5,39.84,2120165.28,1426.25,866.45,16.12,777692.44,700,Yes,Yes,Construction
RE-01520,Poland,2013,Solar PV,267.56,23.09,541189.33,902.9,241.58,37.02,375641.7,799,Yes,Yes,Operational
RE-01521,Japan,2022,Solar PV,852.27,23.96,1788826.09,1577.6,1344.54,33.93,1163405.56,2055,Yes,No,Operational
RE-01522,Sweden,2013,Solar CSP,1051.39,30.02,2764894.96,4109.19,4320.36,33.8,1339045.46,3741,Yes,No,Operational
RE-01523,Australia,2013,Biogas,1062.75,52.97,4931342.79,2229.21,2369.09,35.01,3016925.4,2640,Yes,Yes,Planned
RE-01524,Mexico,2015,Solar PV,897.48,21.71,1706823.87,1220.28,1095.18,58.26,717960.0,2778,Yes,No,Operational
RE-01525,Japan,2013,Biomass,126.34,58.36,645892.53,4390.46,554.69,102.02,240581.81,291,Yes,No,Construction
RE-01526,Chile,2013,Geothermal,789.99,75.25,5207535.08,2211.69,1747.21,42.61,3143437.05,3147,Yes,No,Planned
RE-01527,Mexico,2020,Solar CSP,1444.75,41.88,5300336.99,4904.87,7086.31,44.98,2983624.51,3163,Yes,Yes,Operational
RE-01528,Argentina,2011,Biogas,1283.04,58.16,6536852.72,2329.71,2989.11,58.72,1883004.12,4953,Yes,Yes,Operational
RE-01529,United Kingdom,2023,Solar CSP,951.38,30.22,2518561.64,3494.8,3324.88,42.02,1602516.12,2840,No,No,Operational
RE-01530,South Africa,2025,Offshore Wind,1343.69,52.02,6123130.83,5637.89,7575.58,15.2,3084069.46,1464,Yes,No,Operational
RE-01531,Chile,2026,Solar PV,248.01,27.28,592676.44,953.32,236.43,21.15,160159.87,482,Yes,No,Operational
RE-01532,Canada,2011,Offshore Wind,522.76,37.35,1710397.53,3032.79,1585.42,11.54,1026730.65,1518,Yes,No,Operational
RE-01533,Australia,2015,Onshore Wind,9.71,39.88,33921.77,1476.63,14.34,10.25,25014.35,9,No,Yes,Operational
RE-01534,Canada,2019,Solar PV,606.69,29.56,1570997.06,1324.62,803.63,38.95,634267.79,1042,Yes,Yes,Operational
RE-01535,United Kingdom,2021,Solar CSP,1304.34,39.83,4550983.13,5024.26,6553.34,30.92,2932724.0,4871,Yes,Yes,Retired
RE-01536,Australia,2024,Solar PV,1203.48,18.73,1974607.4,1556.89,1873.69,21.17,679304.15,3154,Yes,No,Operational
RE-01537,Australia,2016,Geothermal,682.79,70.67,4226942.59,5483.08,3743.79,28.52,1477904.94,1278,Yes,Yes,Operational
RE-01538,Australia,2015,Geothermal,826.79,79.14,5731857.27,2957.41,2445.16,54.81,3494095.16,979,Yes,Yes,Operational
RE-01539,Norway,2011,Geothermal,345.25,72.92,2205385.19,3635.38,1255.11,34.45,1053385.67,1168,Yes,No,Planned
RE-01540,Brazil,2021,Onshore Wind,369.38,39.35,1273275.02,1283.16,473.97,8.11,365237.16,953,Yes,Yes,Planned
RE-01541,Mexico,2023,Biogas,117.11,64.26,659232.8,1763.24,206.49,84.49,409647.97,336,Yes,No,Planned
RE-01542,India,2010,Geothermal,703.93,71.18,4389262.6,2307.58,1624.37,20.53,2404799.49,2304,No,Yes,Operational
RE-01543,South Africa,2010,Hydroelectric,1483.58,57.33,7450698.99,3338.29,4952.62,21.84,3956970.91,1951,Yes,Yes,Operational
RE-01544,United Kingdom,2020,Solar CSP,1093.69,32.49,3112777.36,4096.79,4480.62,43.54,1279988.89,2938,Yes,No,Operational
RE-01545,Poland,2013,Hydroelectric,3.26,54.74,15632.43,3920.64,12.78,24.63,7327.35,8,Yes,No,Operational
RE-01546,Japan,2013,Hydroelectric,650.8,45.26,2580276.22,4950.09,3221.52,31.73,957651.44,2393,Yes,No,Operational
RE-01547,Canada,2017,Hydroelectric,1475.9,33.4,4318247.26,4487.32,6622.84,19.34,1319205.9,5651,Yes,No,Operational
RE-01548,Argentina,2017,Hydroelectric,506.05,48.72,2159756.63,2029.97,1027.27,16.06,1419649.2,517,Yes,No,Operational
RE-01549,Norway,2013,Solar PV,212.41,23.92,445082.21,778.59,165.38,52.92,290785.37,146,No,Yes,Planned
RE-01550,Argentina,2026,Biogas,997.48,56.12,4903723.4,3561.89,3552.91,79.72,3624688.67,3963,Yes,No,Operational
RE-01551,Germany,2012,Offshore Wind,224.04,56.54,1109648.61,5329.5,1194.02,8.86,823486.92,741,Yes,No,Construction
RE-01552,Spain,2023,Onshore Wind,769.07,25.99,1750960.13,1750.82,1346.5,11.42,687296.68,1054,Yes,No,Operational
RE-01553,Canada,2012,Biomass,1442.83,62.39,7885591.14,2896.49,4179.14,51.17,4743746.31,2842,Yes,No,Operational
RE-01554,Spain,2019,Offshore Wind,1439.89,57.0,7189658.75,5407.65,7786.42,20.92,5029500.28,5574,Yes,No,Construction
RE-01555,Brazil,2020,Geothermal,620.34,78.41,4260939.28,5256.0,3260.51,41.18,1492831.09,1610,Yes,No,Construction
RE-01556,Mexico,2013,Solar CSP,144.3,25.69,324739.07,4321.09,623.53,42.95,207690.69,445,Yes,Yes,Planned
RE-01557,Germany,2018,Solar CSP,151.67,31.77,422105.5,4526.23,686.49,24.6,107478.39,400,Yes,No,Retired
RE-01558,Germany,2012,Solar PV,31.17,21.89,59770.47,948.65,29.57,55.71,36206.06,57,Yes,Yes,Operational
RE-01559,South Africa,2025,Biogas,301.04,60.96,1607582.5,3725.42,1121.5,55.02,657411.88,160,Yes,No,Operational
RE-01560,Germany,2016,Offshore Wind,964.02,55.5,4686872.44,5203.8,5016.57,18.98,3086012.25,958,Yes,Yes,Operational
RE-01561,Norway,2026,Onshore Wind,494.64,44.77,1939904.87,1211.51,599.26,12.98,825878.48,556,Yes,No,Planned
RE-01562,Australia,2010,Onshore Wind,723.36,47.58,3014970.27,1193.63,863.42,10.59,1381928.61,1806,Yes,No,Planned
RE-01563,Italy,2014,Biogas,1225.46,69.53,7464066.08,2777.18,3403.32,44.46,3000811.34,2204,Yes,Yes,Construction
RE-01564,Sweden,2025,Biomass,1423.91,72.47,9039510.37,3566.94,5079.0,75.74,5336837.47,2805,Yes,No,Construction
RE-01565,Canada,2020,Biomass,722.65,78.48,4968108.91,2142.29,1548.13,62.72,1551787.21,616,Yes,Yes,Planned
RE-01566,Australia,2022,Solar PV,253.68,25.34,563114.81,1114.28,282.67,56.76,277169.95,447,Yes,No,Operational
RE-01567,United Kingdom,2024,Offshore Wind,292.09,49.8,1274236.78,4468.94,1305.33,9.78,398793.43,412,Yes,Yes,Operational
RE-01568,Canada,2024,Biomass,1074.2,81.18,7639031.51,4212.48,4525.05,110.29,3200342.87,1413,Yes,Yes,Operational
RE-01569,Australia,2015,Hydroelectric,1140.69,54.3,5425897.31,4958.58,5656.2,15.15,2104833.93,2009,Yes,No,Operational
RE-01570,China,2024,Biomass,1241.07,70.8,7697215.43,3801.7,4718.18,66.0,5045247.67,4177,Yes,Yes,Retired
RE-01571,Italy,2026,Onshore Wind,930.11,47.63,3880779.8,1753.64,1631.08,11.88,1863750.35,525,Yes,Yes,Operational
RE-01572,India,2013,Hydroelectric,1190.59,64.51,6728114.57,2610.32,3107.82,30.08,2260992.88,1037,Yes,No,Planned
RE-01573,China,2014,Biogas,320.58,69.21,1943611.14,1876.75,601.65,43.12,647452.84,497,Yes,No,Operational
RE-01574,Italy,2014,Biomass,726.89,76.91,4897287.63,4099.89,2980.17,48.77,3217839.53,451,Yes,No,Operational
RE-01575,Mexico,2011,Biomass,113.29,56.23,558037.99,3348.7,379.37,48.22,365153.48,411,Yes,No,Planned
RE-01576,Germany,2022,Onshore Wind,163.4,47.65,682054.48,1749.58,285.88,11.45,475262.65,610,Yes,Yes,Operational
RE-01577,Spain,2013,Biogas,717.88,58.03,3649291.29,3093.29,2220.61,74.39,2681185.01,2464,Yes,No,Operational
RE-01578,United States,2020,Solar PV,1132.43,19.72,1956241.12,759.49,860.07,40.35,1444888.21,3219,Yes,No,Planned
RE-01579,Argentina,2010,Hydroelectric,957.2,55.24,4631913.77,4052.84,3879.38,8.66,3259196.4,1493,Yes,No,Operational
RE-01580,China,2015,Solar PV,1298.87,14.21,1616828.18,1429.01,1856.1,59.25,428757.09,3909,No,No,Operational
RE-01581,South Africa,2025,Biomass,1062.19,64.65,6015543.11,2405.66,2555.27,78.57,2625756.07,1684,Yes,No,Operational
RE-01582,Chile,2022,Solar CSP,193.08,22.48,380222.4,4376.43,845.0,18.26,277602.77,271,Yes,No,Operational
RE-01583,United Kingdom,2015,Solar PV,178.81,24.57,384858.48,1022.91,182.91,52.92,217564.02,637,Yes,No,Operational
RE-01584,Sweden,2011,Hydroelectric,995.76,30.23,2636919.85,4035.64,4018.53,12.13,1373601.64,797,Yes,Yes,Operational
RE-01585,Chile,2010,Onshore Wind,199.46,37.86,661516.27,1620.35,323.2,19.75,432861.31,185,Yes,No,Operational
RE-01586,Sweden,2011,Offshore Wind,961.69,43.21,3640185.14,5408.67,5201.46,12.92,2430675.1,3723,Yes,No,Planned
RE-01587,Mexico,2018,Geothermal,132.53,89.65,1040803.15,3748.42,496.78,23.32,586310.56,261,No,Yes,Operational
RE-01588,Sweden,2012,Solar PV,173.52,25.83,392625.09,1283.46,222.71,39.75,201874.08,665,Yes,Yes,Operational
RE-01589,Mexico,2018,Biogas,1380.04,78.58,9499654.38,2527.56,3488.13,82.6,4171097.77,1899,Yes,No,Operational
RE-01590,China,2024,Hydroelectric,1431.51,39.46,4948294.89,3432.03,4912.99,26.46,1629273.34,4674,Yes,Yes,Planned
RE-01591,Australia,2017,Biomass,265.75,61.45,1430537.56,3920.87,1041.97,114.54,628184.75,181,Yes,No,Operational
RE-01592,United Kingdom,2015,Solar PV,698.84,24.3,1487606.73,1187.03,829.54,26.57,737323.84,1438,Yes,Yes,Operational
RE-01593,Argentina,2019,Biomass,413.88,75.76,2746746.07,2806.43,1161.53,53.76,1588161.42,752,Yes,No,Planned
RE-01594,Brazil,2026,Solar CSP,1314.65,37.95,4370448.75,2811.75,3696.47,30.95,2521055.91,2870,Yes,No,Construction
RE-01595,India,2026,Onshore Wind,1269.5,43.79,4869807.08,2043.32,2593.99,15.4,3376875.42,3311,Yes,Yes,Planned
RE-01596,Norway,2021,Solar PV,833.91,17.17,1254277.36,1164.19,970.83,33.7,737130.13,2148,Yes,Yes,Operational
RE-01597,Mexico,2017,Biogas,1277.05,81.3,9094996.85,3422.2,4370.32,45.78,2446961.2,4764,Yes,No,Operational
RE-01598,Mexico,2019,Biogas,1497.15,82.66,10840887.1,3958.26,5926.11,34.35,5376670.9,5426,Yes,No,Operational
RE-01599,Spain,2010,Biomass,917.66,83.37,6701865.52,1807.54,1658.71,48.6,3411216.45,2220,Yes,No,Operational
RE-01600,Norway,2016,Onshore Wind,839.16,34.91,2566248.62,1867.38,1567.03,16.04,1375822.75,2019,Yes,No,Operational
RE-01601,Poland,2017,Biogas,659.1,57.36,3311803.5,3339.61,2201.14,33.64,2332686.05,1746,Yes,No,Planned
RE-01602,Australia,2011,Solar PV,1269.05,23.09,2566887.13,1527.26,1938.17,45.99,1764900.54,1238,Yes,No,Operational
RE-01603,Brazil,2026,Geothermal,1030.64,92.71,8370235.57,2221.22,2289.28,37.09,5074591.85,463,Yes,Yes,Construction
RE-01604,Mexico,2018,Biomass,1236.23,83.59,9052274.4,3110.79,3845.65,78.13,4082821.8,2031,Yes,Yes,Operational
RE-01605,Germany,2015,Biomass,985.41,81.87,7067175.26,2243.71,2210.97,56.65,2134667.53,962,Yes,No,Operational
RE-01606,Norway,2010,Offshore Wind,1193.16,44.05,4604141.94,3706.55,4422.51,20.99,1206069.34,3980,Yes,No,Operational
RE-01607,Sweden,2011,Geothermal,1309.26,81.88,9390913.49,3690.89,4832.33,37.93,2622802.64,3557,Yes,No,Planned
RE-01608,Sweden,2018,Biogas,86.38,73.45,555787.92,1743.27,150.58,44.97,310041.7,101,Yes,No,Operational
RE-01609,Australia,2019,Offshore Wind,392.46,50.79,1746134.6,6114.1,2399.54,9.47,1123042.78,377,Yes,Yes,Operational
RE-01610,China,2012,Onshore Wind,1190.65,47.93,4999144.05,2314.99,2756.34,12.65,1583198.96,522,Yes,No,Operational
RE-01611,Spain,2013,Onshore Wind,658.99,45.55,2629488.72,1687.18,1111.83,16.4,1265475.91,1148,Yes,No,Operational
RE-01612,Argentina,2010,Offshore Wind,209.55,35.03,643031.0,3219.05,674.55,10.8,382583.44,700,Yes,No,Retired
RE-01613,Mexico,2026,Hydroelectric,404.0,35.08,1241495.23,2290.55,925.38,31.76,373905.37,656,Yes,No,Planned
RE-01614,Poland,2014,Hydroelectric,1276.72,32.96,3686268.55,4548.69,5807.4,22.29,1332461.79,5004,No,No,Planned
RE-01615,France,2016,Onshore Wind,342.48,29.21,876336.45,2235.89,765.75,17.75,648900.14,1182,Yes,Yes,Operational
RE-01616,China,2014,Geothermal,260.74,92.89,2121684.14,4798.4,1251.13,27.49,1470072.07,666,Yes,No,Operational
RE-01617,Norway,2010,Hydroelectric,807.32,56.63,4004943.37,4900.24,3956.06,31.66,1175433.04,3172,Yes,No,Planned
RE-01618,Australia,2021,Solar CSP,1237.64,24.51,2657307.14,2962.01,3665.9,16.77,1437562.08,2665,Yes,No,Operational
RE-01619,Brazil,2022,Onshore Wind,621.88,32.32,1760686.56,1965.38,1222.23,15.89,678241.6,293,Yes,Yes,Operational
RE-01620,Poland,2011,Biogas,189.86,56.71,943185.75,3896.1,739.71,58.02,326079.22,621,Yes,No,Operational
RE-01621,Australia,2010,Onshore Wind,248.25,47.38,1030358.65,1910.66,474.32,17.8,268676.09,783,Yes,No,Construction
RE-01622,United States,2022,Offshore Wind,69.34,53.37,324179.2,3260.52,226.08,8.24,228944.51,94,Yes,No,Construction
RE-01623,Sweden,2010,Offshore Wind,841.86,47.46,3500029.58,4095.3,3447.67,20.81,2562031.55,782,Yes,No,Planned
RE-01624,Mexico,2020,Solar CSP,60.75,35.35,188122.1,5484.13,333.16,17.84,128331.05,108,Yes,No,Operational
RE-01625,India,2021,Biomass,432.46,70.9,2685939.87,2341.53,1012.62,105.39,1914311.6,800,No,Yes,Planned
RE-01626,Poland,2024,Offshore Wind,1321.22,41.73,4829783.13,3895.78,5147.18,13.54,1247608.04,1336,No,Yes,Operational
RE-01627,United States,2014,Offshore Wind,613.18,47.6,2556813.44,3053.69,1872.46,21.44,1694529.73,715,Yes,No,Planned
RE-01628,South Korea,2015,Biomass,563.29,71.11,3508866.35,2573.61,1449.69,78.81,2073578.43,413,Yes,No,Operational
RE-01629,Chile,2024,Solar CSP,1115.78,26.89,2628291.2,4064.3,4534.86,40.8,1929330.83,1575,Yes,No,Operational
RE-01630,Italy,2022,Geothermal,1310.62,70.08,8045906.66,3861.49,5060.95,38.37,4129522.61,3981,Yes,No,Operational
RE-01631,Chile,2024,Hydroelectric,629.81,31.5,1737897.71,4884.53,3076.33,28.2,736708.77,864,No,Yes,Planned
RE-01632,United Kingdom,2023,Hydroelectric,1056.44,43.36,4012714.08,2072.17,2189.12,33.02,1332076.61,4015,Yes,Yes,Planned
RE-01633,Mexico,2021,Onshore Wind,285.04,38.62,964322.24,1334.51,380.39,18.37,265105.98,657,Yes,No,Planned
RE-01634,Germany,2010,Solar PV,356.12,15.94,497266.03,1486.26,529.29,23.24,280664.21,613,No,No,Operational
RE-01635,China,2025,Solar PV,1454.49,23.34,2973826.98,1416.56,2060.37,45.39,1378964.26,881,Yes,Yes,Operational
RE-01636,India,2011,Geothermal,225.42,87.27,1723302.54,4928.31,1110.94,29.13,653288.35,392,Yes,No,Construction
RE-01637,Brazil,2024,Biogas,45.96,75.43,303688.42,2354.05,108.19,79.51,87419.29,109,Yes,No,Operational
RE-01638,Mexico,2015,Hydroelectric,966.75,48.0,4064990.4,2646.29,2558.3,13.43,1335396.72,3406,Yes,Yes,Operational
RE-01639,Argentina,2025,Solar PV,1330.37,15.11,1760925.63,1288.69,1714.43,26.12,625906.37,4671,Yes,No,Construction
RE-01640,China,2016,Biogas,1187.93,67.75,7050245.76,3872.58,4600.35,38.02,3542625.49,1837,Yes,Yes,Operational
RE-01641,United States,2023,Biomass,469.2,62.94,2586954.84,2508.88,1177.17,95.66,1017685.63,867,No,No,Operational
RE-01642,South Korea,2015,Hydroelectric,1267.31,56.08,6225797.24,3454.1,4377.42,6.16,3771292.99,2871,Yes,Yes,Operational
RE-01643,Brazil,2020,Solar CSP,169.35,34.42,510622.77,4959.02,839.81,24.55,148587.53,152,Yes,No,Planned
RE-01644,South Africa,2010,Onshore Wind,304.65,40.98,1093647.19,1706.47,519.88,13.42,451447.39,497,Yes,No,Operational
RE-01645,Germany,2012,Onshore Wind,867.78,42.01,3193496.35,1826.21,1584.75,7.05,1249160.87,2779,Yes,No,Operational
RE-01646,Sweden,2026,Geothermal,188.35,85.54,1411363.81,5798.29,1092.11,29.87,590907.27,94,Yes,No,Retired
RE-01647,South Africa,2010,Biomass,1351.12,60.74,7189071.72,3315.67,4479.87,92.64,3087917.34,3113,Yes,No,Operational
RE-01648,United States,2022,Geothermal,1416.48,80.73,10017272.9,3714.75,5261.87,26.03,2633700.96,1915,Yes,No,Operational
RE-01649,Japan,2024,Solar PV,1367.08,19.07,2283750.89,1563.6,2137.57,54.6,1630181.14,4023,Yes,No,Operational
RE-01650,South Korea,2016,Solar CSP,1081.1,24.68,2337303.6,3654.28,3950.64,44.03,607211.33,3213,No,Yes,Operational
RE-01651,Italy,2019,Biomass,1265.8,71.71,7951497.38,1960.91,2482.12,45.81,3482530.7,1976,Yes,Yes,Planned
RE-01652,Australia,2013,Solar CSP,945.54,33.76,2796317.3,2947.05,2786.55,32.05,1223632.65,1157,Yes,Yes,Operational
RE-01653,Chile,2021,Solar PV,683.11,16.33,977194.32,701.19,478.99,30.82,512567.4,1587,Yes,No,Operational
RE-01654,Italy,2023,Solar CSP,934.33,39.35,3220691.57,5338.0,4987.45,16.23,1135283.8,763,Yes,Yes,Planned
RE-01655,China,2010,Solar PV,904.22,18.41,1458250.06,1123.51,1015.9,37.68,910599.34,1978,Yes,No,Planned
RE-01656,India,2022,Offshore Wind,732.1,55.7,3572150.17,4599.36,3367.19,23.81,2327116.99,688,Yes,No,Construction
RE-01657,Poland,2020,Solar PV,1464.38,22.73,2915797.31,1013.11,1483.58,42.6,770370.78,3639,Yes,No,Planned
RE-01658,Mexico,2018,Biogas,1270.4,76.72,8537941.71,2778.51,3529.82,40.94,3364377.71,3308,Yes,Yes,Planned
RE-01659,Canada,2022,Biogas,1104.38,83.46,8074228.2,1613.91,1782.37,40.89,4674873.01,2184,Yes,Yes,Operational
RE-01660,Poland,2012,Solar PV,954.31,19.05,1592533.44,721.24,688.29,55.56,1138028.21,2037,Yes,No,Operational
RE-01661,Germany,2013,Offshore Wind,254.26,39.12,871326.65,4024.11,1023.17,12.77,582231.29,555,Yes,No,Operational
RE-01662,Chile,2022,Offshore Wind,932.59,51.15,4178693.32,5764.28,5375.71,14.97,1769133.57,1341,Yes,Yes,Operational
RE-01663,Australia,2010,Solar PV,1422.53,14.97,1865466.01,943.78,1342.56,56.86,1152250.03,3529,Yes,No,Operational
RE-01664,South Africa,2026,Geothermal,347.83,85.63,2609138.22,4272.23,1486.01,20.72,1125748.13,1117,Yes,No,Operational
RE-01665,Italy,2020,Solar CSP,928.68,30.36,2469857.89,4466.08,4147.56,37.31,1381889.16,2243,Yes,Yes,Operational
RE-01666,Norway,2013,Hydroelectric,1390.83,30.9,3764754.28,3540.91,4924.8,11.81,1998594.93,4309,Yes,No,Planned
RE-01667,Japan,2011,Solar CSP,764.86,25.76,1725964.72,5263.81,4026.08,38.49,524300.49,975,No,Yes,Operational
RE-01668,United Kingdom,2020,Offshore Wind,969.86,49.92,4241190.02,3690.19,3578.97,21.36,1253828.25,3244,Yes,No,Operational
RE-01669,United Kingdom,2020,Solar PV,401.86,23.1,813187.82,707.38,284.27,34.98,539301.84,830,Yes,No,Planned
RE-01670,France,2021,Offshore Wind,1413.89,55.17,6833177.67,4358.02,6161.76,14.22,4020054.15,4410,Yes,Yes,Operational
RE-01671,Japan,2022,Solar CSP,1071.89,24.16,2268565.15,4110.62,4406.13,37.93,1641339.4,1117,Yes,No,Operational
RE-01672,Brazil,2019,Onshore Wind,1170.87,37.47,3843230.9,1308.5,1532.08,12.05,1219253.85,1997,Yes,Yes,Operational
RE-01673,Italy,2024,Geothermal,1331.58,70.06,8172247.34,4636.58,6173.98,18.75,5353400.79,4748,Yes,No,Operational
RE-01674,Spain,2011,Hydroelectric,201.44,53.53,944598.09,3304.28,665.61,9.51,514009.78,657,Yes,No,Planned
RE-01675,France,2010,Biomass,925.5,68.52,5555176.78,2322.63,2149.59,118.26,2510422.8,1487,No,No,Operational
RE-01676,Poland,2019,Solar CSP,221.95,35.75,695080.81,3952.25,877.2,18.31,367363.72,816,Yes,Yes,Planned
RE-01677,Italy,2012,Solar PV,713.1,22.71,1418638.29,913.38,651.33,27.1,434911.15,464,Yes,Yes,Construction
RE-01678,France,2020,Hydroelectric,53.8,48.76,229800.03,2606.43,140.23,22.76,97587.23,150,Yes,Yes,Planned
RE-01679,Norway,2013,Solar PV,106.97,17.08,160049.37,1433.43,153.33,47.1,117703.04,316,Yes,No,Planned
RE-01680,Poland,2023,Offshore Wind,1238.82,39.12,4245327.12,6131.3,7595.58,24.99,2473200.57,1369,Yes,No,Planned
RE-01681,Australia,2022,Geothermal,1423.73,82.59,10300521.4,5573.44,7935.07,21.51,3516648.06,3195,Yes,No,Operational
RE-01682,India,2022,Onshore Wind,133.26,44.49,519357.4,1362.47,181.56,16.55,283537.82,238,Yes,Yes,Operational
RE-01683,Argentina,2013,Hydroelectric,204.73,55.85,1001633.34,2480.05,507.74,10.92,420927.12,422,Yes,No,Operational
RE-01684,Germany,2017,Hydroelectric,399.41,54.85,1919109.13,2816.0,1124.74,30.34,1042232.14,1071,Yes,No,Operational
RE-01685,India,2017,Biomass,1339.63,74.96,8796675.04,3012.7,4035.9,57.28,3276956.94,4400,Yes,Yes,Retired
RE-01686,Poland,2024,Onshore Wind,734.05,46.11,2965001.19,1557.19,1143.06,17.33,1811333.77,1554,Yes,No,Operational
RE-01687,Brazil,2010,Geothermal,1232.36,80.09,8646094.81,4268.73,5260.61,23.9,5800616.42,3692,Yes,No,Operational
RE-01688,Norway,2014,Biogas,1011.52,67.14,5949218.47,2950.67,2984.66,39.51,2565193.12,2960,Yes,No,Operational
RE-01689,Germany,2014,Solar PV,1040.54,17.44,1589678.74,1565.52,1628.99,59.63,761535.92,1919,Yes,Yes,Planned
RE-01690,South Africa,2017,Solar PV,184.49,24.93,402901.81,1119.39,206.52,41.65,136900.93,554,Yes,No,Operational
RE-01691,Spain,2020,Solar PV,1382.76,25.81,3126359.52,1186.76,1641.0,36.11,1503990.15,2253,Yes,No,Planned
RE-01692,Germany,2018,Biogas,1330.03,58.51,6817036.84,1675.23,2228.11,65.87,3436650.48,4999,Yes,Yes,Operational
RE-01693,Japan,2016,Solar CSP,875.11,26.04,1996216.92,4150.94,3632.53,42.24,921983.08,2402,Yes,Yes,Operational
RE-01694,United Kingdom,2013,Solar CSP,102.04,27.03,241613.17,3136.09,320.01,41.78,92557.43,398,Yes,Yes,Operational
RE-01695,Japan,2013,Geothermal,1250.69,73.0,7997912.41,5519.41,6903.07,16.84,3197597.1,1130,Yes,No,Operational
RE-01696,United States,2025,Geothermal,1142.73,84.49,8457714.97,5344.25,6107.03,32.05,5236091.67,1160,No,Yes,Planned
RE-01697,South Africa,2013,Solar PV,1173.98,27.78,2856913.2,1488.98,1748.03,39.03,1326769.02,3993,Yes,Yes,Operational
RE-01698,Germany,2023,Hydroelectric,998.32,36.88,3225260.44,3098.41,3093.2,30.31,1687529.92,3619,Yes,No,Operational
RE-01699,Poland,2016,Solar CSP,1027.06,23.27,2093612.51,4058.2,4168.01,19.16,1182050.99,3480,Yes,No,Construction
RE-01700,Canada,2013,Solar PV,609.63,26.57,1418933.33,1178.93,718.71,49.99,612986.14,2263,Yes,Yes,Operational
RE-01701,Chile,2018,Biomass,958.06,62.56,5250414.06,2410.28,2309.19,98.67,2078547.57,2891,Yes,No,Planned
RE-01702,Japan,2022,Geothermal,14.28,83.49,104439.98,5670.68,80.98,38.95,41270.82,15,Yes,No,Planned
RE-01703,Spain,2025,Geothermal,509.58,85.1,3798796.6,2585.77,1317.66,18.78,1085446.42,1904,Yes,No,Operational
RE-01704,Italy,2025,Solar CSP,5.18,28.36,12868.86,3938.03,20.4,39.1,7727.52,17,Yes,Yes,Operational
RE-01705,Brazil,2026,Biomass,322.28,60.77,1715642.11,4349.71,1401.82,115.74,556929.04,1021,Yes,No,Planned
RE-01706,Brazil,2019,Offshore Wind,1159.82,35.13,3569216.15,5125.86,5945.07,19.1,2237374.23,4330,Yes,No,Operational
RE-01707,Canada,2026,Solar PV,703.14,20.68,1273785.92,1151.69,809.8,35.76,696530.07,1166,No,No,Operational
RE-01708,South Africa,2012,Solar CSP,624.16,28.52,1559371.38,5250.72,3277.29,33.99,984366.73,1177,Yes,Yes,Planned
RE-01709,Chile,2013,Offshore Wind,741.91,37.64,2446273.13,5193.73,3853.28,14.64,1550523.59,1707,Yes,Yes,Construction
RE-01710,Japan,2015,Solar CSP,512.66,31.79,1427657.62,3220.04,1650.79,41.41,1045907.07,1594,Yes,No,Retired
RE-01711,Germany,2013,Solar PV,1006.04,29.02,2557506.6,1395.88,1404.31,44.35,1287327.54,3766,Yes,No,Construction
RE-01712,Australia,2024,Offshore Wind,826.41,42.13,3049938.83,2988.65,2469.85,21.76,1711030.81,1113,Yes,No,Planned
RE-01713,France,2020,Offshore Wind,1464.9,55.12,7073287.23,3185.76,4666.82,24.68,3709254.36,5437,Yes,Yes,Operational
RE-01714,Argentina,2024,Biomass,1029.04,83.48,7525213.11,1806.34,1858.8,52.68,4413792.28,1462,Yes,Yes,Construction
RE-01715,China,2020,Biomass,1288.06,65.39,7378218.92,2169.14,2793.98,102.93,5490080.77,2186,Yes,No,Operational
RE-01716,Mexico,2014,Biomass,178.42,80.19,1253336.98,4131.0,737.05,73.85,350665.44,114,Yes,No,Operational
RE-01717,United States,2021,Offshore Wind,813.47,55.46,3952078.05,5879.83,4783.07,11.39,2326871.12,2807,Yes,Yes,Operational
RE-01718,Sweden,2012,Biogas,409.46,84.06,3015122.59,2150.38,880.49,84.24,1394766.7,164,Yes,No,Planned
RE-01719,Spain,2019,Geothermal,142.1,93.17,1159776.43,4348.35,617.9,25.86,811181.63,118,Yes,No,Operational
RE-01720,Australia,2020,Solar PV,394.97,29.84,1032445.26,717.41,283.36,24.74,353961.63,271,Yes,No,Planned
RE-01721,Australia,2022,Solar CSP,12.11,39.05,41425.65,3689.5,44.68,36.95,25412.95,12,No,Yes,Construction
RE-01722,South Africa,2021,Hydroelectric,541.59,43.57,2067103.88,3248.2,1759.19,29.08,970799.55,1164,Yes,No,Planned
RE-01723,Spain,2020,Geothermal,1440.88,87.17,11002692.24,5844.6,8421.37,21.46,3990992.29,5167,Yes,No,Construction
RE-01724,United Kingdom,2018,Offshore Wind,597.39,44.39,2322989.25,3267.43,1951.93,11.9,1205085.85,1920,Yes,No,Construction
RE-01725,Norway,2012,Hydroelectric,571.74,37.28,1867147.33,3885.27,2221.36,7.48,884862.42,1455,Yes,No,Construction
RE-01726,United Kingdom,2026,Biomass,348.35,56.87,1735414.21,2549.49,888.11,46.63,754232.52,1020,Yes,Yes,Operational
RE-01727,Spain,2013,Solar PV,754.96,22.16,1465540.43,971.17,733.19,30.38,1084188.1,1761,Yes,Yes,Operational
RE-01728,South Africa,2021,Hydroelectric,263.69,40.62,938291.29,4968.5,1310.14,18.91,383952.44,707,Yes,No,Operational
RE-01729,South Africa,2023,Hydroelectric,419.35,58.23,2139082.54,4512.71,1892.4,30.33,1461737.45,1251,Yes,Yes,Operational
RE-01730,United Kingdom,2022,Solar CSP,1113.57,35.89,3501023.99,5415.77,6030.84,27.02,2250681.69,3416,No,No,Operational
RE-01731,Norway,2010,Biomass,1452.28,78.63,10003287.21,3994.04,5800.46,102.43,6180836.55,4509,Yes,No,Operational
RE-01732,United States,2010,Biogas,670.51,79.22,4653119.47,3634.27,2436.81,51.29,1864997.33,1491,Yes,No,Operational
RE-01733,Canada,2016,Hydroelectric,833.58,48.84,3566375.33,4458.03,3716.12,32.9,1070738.38,1006,Yes,No,Operational
RE-01734,Canada,2017,Offshore Wind,1257.7,37.36,4116120.07,5849.08,7356.39,13.21,1665430.28,959,Yes,No,Planned
RE-01735,Spain,2025,Biogas,93.32,51.08,417570.42,1981.12,184.88,74.81,147169.1,114,Yes,No,Operational
RE-01736,Germany,2017,Biogas,355.03,73.51,2286207.16,3471.83,1232.6,34.24,1598008.32,733,Yes,Yes,Operational
RE-01737,Poland,2010,Biogas,1078.01,52.78,4984209.42,2411.89,2600.04,75.81,3112555.24,2916,Yes,No,Operational
RE-01738,United States,2024,Geothermal,663.3,71.14,4133595.39,3981.7,2641.06,33.56,1402780.11,2138,Yes,No,Planned
RE-01739,Poland,2014,Solar PV,393.79,16.93,584017.35,1190.0,468.61,28.21,399729.38,588,Yes,Yes,Construction
RE-01740,Sweden,2019,Offshore Wind,1141.46,48.94,4893603.39,4502.67,5139.62,15.63,2976618.83,2005,Yes,Yes,Construction
RE-01741,Argentina,2011,Solar CSP,1485.78,23.16,3014374.24,3648.94,5421.52,22.13,1191669.74,2319,Yes,Yes,Operational
RE-01742,United Kingdom,2016,Geothermal,1411.92,79.5,9832893.26,5153.89,7276.88,33.47,4668656.17,4752,Yes,No,Operational
RE-01743,United States,2015,Solar PV,1360.35,19.44,2316599.87,1579.93,2149.26,57.45,889485.41,2212,Yes,No,Operational
RE-01744,Chile,2014,Biomass,751.26,79.61,5239164.03,3796.46,2852.13,86.76,2022612.47,1423,Yes,Yes,Operational
RE-01745,South Korea,2020,Solar CSP,312.18,20.94,572645.51,4577.36,1428.96,15.65,421119.16,518,Yes,No,Planned
RE-01746,France,2020,Solar PV,531.92,24.48,1140674.78,1065.4,566.71,42.25,443621.47,849,Yes,No,Operational
RE-01747,Canada,2026,Onshore Wind,390.38,35.93,1228708.56,1497.19,584.47,16.02,803800.2,840,Yes,Yes,Operational
RE-01748,India,2017,Onshore Wind,404.64,40.08,1420694.28,2055.79,831.85,8.53,585260.33,753,Yes,No,Operational
RE-01749,France,2015,Biogas,7.09,50.71,31495.17,2177.07,15.44,32.58,9756.99,18,Yes,No,Operational
RE-01750,Germany,2013,Hydroelectric,1484.54,48.27,6277306.13,1909.4,2834.58,14.78,3675043.1,1794,No,No,Operational
RE-01751,Chile,2019,Onshore Wind,1014.61,35.49,3154345.38,2306.62,2340.32,18.73,1007750.38,697,Yes,No,Operational
RE-01752,South Africa,2020,Onshore Wind,461.69,43.5,1759315.91,2181.57,1007.21,8.28,644396.0,542,Yes,No,Planned
RE-01753,South Africa,2018,Onshore Wind,686.37,45.78,2752568.83,1673.17,1148.41,16.68,1272206.35,526,Yes,No,Operational
RE-01754,Spain,2025,Solar PV,153.71,23.97,322755.95,1423.1,218.74,44.99,239584.01,70,Yes,No,Operational
RE-01755,Canada,2021,Onshore Wind,1190.02,27.36,2852163.77,2292.54,2728.17,7.39,1694761.31,2123,Yes,No,Planned
RE-01756,Italy,2016,Geothermal,764.87,85.87,5753514.29,4404.26,3368.69,36.74,3133338.42,2670,Yes,Yes,Planned
RE-01757,United States,2013,Solar PV,248.58,29.95,652179.46,892.08,221.75,24.0,346309.64,839,Yes,Yes,Operational
RE-01758,United Kingdom,2013,Solar PV,206.56,28.9,522935.56,1271.4,262.62,53.72,367609.19,774,Yes,Yes,Planned
RE-01759,South Korea,2018,Biomass,408.21,67.73,2421970.35,2613.3,1066.78,74.63,1551677.86,875,Yes,No,Operational
RE-01760,France,2022,Onshore Wind,1145.82,44.54,4470650.48,1764.49,2021.79,15.22,1652255.63,4315,Yes,No,Operational
RE-01761,Norway,2020,Hydroelectric,554.06,45.75,2220506.26,3982.92,2206.78,28.69,943010.41,1963,Yes,Yes,Operational
RE-01762,South Korea,2018,Solar CSP,18.32,40.14,64417.96,3485.21,63.85,35.87,19058.64,49,Yes,No,Operational
RE-01763,China,2023,Solar CSP,1069.38,22.59,2116178.97,4497.1,4809.11,34.94,1324644.62,1645,No,No,Operational
RE-01764,South Africa,2011,Offshore Wind,345.11,44.15,1334726.73,5611.57,1936.61,20.12,978822.28,950,Yes,No,Operational
RE-01765,Argentina,2025,Solar CSP,193.87,32.01,543626.21,3704.19,718.13,19.03,215545.69,519,No,No,Operational
RE-01766,South Korea,2019,Solar PV,493.53,15.08,651957.08,975.5,481.44,52.36,380036.03,621,Yes,No,Construction
RE-01767,Brazil,2019,Biogas,1228.6,72.45,7797457.33,1900.96,2335.52,77.67,3211648.32,3609,Yes,Yes,Construction
RE-01768,Japan,2010,Geothermal,1257.51,85.66,9436123.66,3064.15,3853.2,27.65,5919410.97,2362,Yes,Yes,Operational
RE-01769,Argentina,2020,Solar CSP,901.77,33.81,2670822.71,3304.56,2979.95,39.33,1318674.43,2835,Yes,No,Operational
RE-01770,Italy,2020,Hydroelectric,973.19,33.01,2814150.17,4712.84,4586.49,14.39,1019697.41,3093,Yes,No,Operational
RE-01771,Australia,2015,Offshore Wind,94.04,35.96,296235.03,3152.02,296.42,8.09,122506.51,142,Yes,Yes,Operational
RE-01772,Brazil,2010,Offshore Wind,475.57,38.4,1599741.39,4150.94,1974.06,23.68,609183.93,478,Yes,No,Operational
RE-01773,India,2023,Biogas,1073.3,84.21,7917515.15,3851.94,4134.29,62.98,4695170.78,2011,Yes,Yes,Operational
RE-01774,Poland,2015,Biogas,788.63,78.42,5417566.34,2048.81,1615.75,78.0,1395791.57,1982,Yes,Yes,Operational
RE-01775,Mexico,2013,Biogas,275.96,78.18,1889930.83,2146.62,592.38,72.9,1144693.82,143,Yes,No,Planned
RE-01776,Poland,2010,Biogas,1490.08,56.27,7344979.82,1773.61,2642.82,70.77,2915726.49,3858,Yes,Yes,Planned
RE-01777,Poland,2012,Onshore Wind,284.29,40.36,1005117.53,2117.38,601.95,17.82,367445.7,1016,Yes,Yes,Operational
RE-01778,Italy,2014,Hydroelectric,865.86,33.47,2538677.28,3523.71,3051.04,24.63,1093655.93,1907,Yes,No,Operational
RE-01779,Canada,2019,Solar PV,1416.59,24.64,3057658.52,951.84,1348.37,45.67,2234572.71,686,Yes,No,Construction
RE-01780,Australia,2026,Geothermal,1004.7,70.43,6198665.44,4139.34,4158.79,51.15,2269650.66,701,Yes,No,Operational
RE-01781,Chile,2014,Biogas,490.8,73.38,3154905.59,2731.84,1340.79,56.67,2061105.66,688,Yes,No,Operational
RE-01782,Sweden,2013,Geothermal,1417.85,76.73,9530146.83,2594.23,3678.23,32.15,4987678.58,1730,Yes,No,Operational
RE-01783,Brazil,2017,Offshore Wind,62.07,47.35,257457.67,5004.26,310.61,23.16,128870.19,59,Yes,No,Planned
RE-01784,Japan,2016,Solar CSP,1260.81,22.1,2440877.73,4606.53,5807.96,36.13,884600.58,2731,Yes,No,Operational
RE-01785,Germany,2025,Solar CSP,1383.7,40.32,4887272.68,2514.5,3479.31,21.63,2910970.15,2156,Yes,Yes,Operational
RE-01786,Australia,2014,Solar PV,660.91,28.59,1655238.52,1068.1,705.92,33.87,502681.71,1116,Yes,No,Planned
RE-01787,Mexico,2010,Solar PV,148.29,24.29,315532.06,1136.27,168.5,31.88,119887.52,179,Yes,No,Operational
RE-01788,France,2026,Hydroelectric,791.05,37.4,2591669.65,4627.85,3660.86,25.14,1775677.72,1670,Yes,Yes,Operational
RE-01789,Norway,2020,Hydroelectric,630.47,35.09,1937991.65,2673.93,1685.83,4.44,793742.05,1570,Yes,Yes,Operational
RE-01790,Brazil,2022,Biogas,1043.58,50.2,4589163.92,3954.08,4126.4,80.62,2273174.87,3877,Yes,No,Operational
RE-01791,Chile,2026,Geothermal,271.19,78.84,1872942.28,5754.23,1560.49,29.82,664741.28,166,Yes,No,Operational
RE-01792,Japan,2025,Solar CSP,21.11,38.5,71195.59,4231.75,89.33,37.69,44745.69,77,Yes,No,Planned
RE-01793,Canada,2022,Biomass,145.78,75.26,961094.89,3959.68,577.24,58.36,544216.73,499,Yes,No,Operational
RE-01794,France,2024,Hydroelectric,1019.75,45.17,4035040.62,4607.7,4698.7,28.54,2632403.74,2339,Yes,No,Operational
RE-01795,Canada,2018,Solar PV,80.42,22.45,158155.58,1317.33,105.94,36.77,72506.68,67,Yes,No,Planned
RE-01796,South Africa,2014,Onshore Wind,151.3,31.81,421605.92,1701.79,257.48,15.34,253553.48,488,Yes,No,Planned
RE-01797,Chile,2014,Biomass,1205.84,78.49,8291023.03,2178.24,2626.61,113.75,5618644.55,3866,Yes,No,Operational
RE-01798,Mexico,2018,Solar CSP,601.02,20.12,1059304.96,4664.45,2803.43,31.21,306231.37,1416,Yes,Yes,Operational
RE-01799,Italy,2018,Geothermal,509.15,85.54,3815215.73,3671.96,1869.58,38.48,1621056.43,1514,Yes,No,Planned
RE-01800,Canada,2018,Hydroelectric,915.33,57.67,4624148.3,2166.89,1983.42,31.95,2115082.63,2797,Yes,No,Operational
RE-01801,Japan,2021,Onshore Wind,378.3,31.67,1049514.66,2206.0,834.53,12.18,693956.91,220,Yes,No,Operational
RE-01802,United Kingdom,2023,Solar CSP,1479.38,37.47,4855875.49,4781.77,7074.05,19.05,2099095.69,4216,Yes,No,Planned
RE-01803,Chile,2011,Biomass,1359.48,61.42,7314535.32,2310.59,3141.2,51.61,5234486.58,3498,Yes,No,Operational
RE-01804,Poland,2012,Biomass,1128.73,80.53,7962544.52,3641.03,4109.74,45.11,5441310.67,1511,No,No,Operational
RE-01805,France,2015,Onshore Wind,860.73,34.0,2563598.23,2177.29,1874.06,15.87,914500.3,2013,Yes,No,Planned
RE-01806,United States,2022,Biomass,1015.36,80.81,7187688.76,2947.88,2993.16,35.93,4266019.64,1658,Yes,Yes,Construction
RE-01807,South Korea,2013,Hydroelectric,726.66,63.96,4071400.41,4228.22,3072.48,20.96,2093260.35,728,Yes,Yes,Operational
RE-01808,Norway,2013,Offshore Wind,291.14,38.43,980113.49,6008.38,1749.28,10.07,590829.62,553,Yes,Yes,Operational
RE-01809,France,2023,Onshore Wind,713.69,26.64,1665512.66,1546.49,1103.71,13.58,529211.22,1689,Yes,No,Operational
RE-01810,South Korea,2023,Hydroelectric,712.54,46.0,2871251.18,3898.19,2777.62,23.14,734229.09,2805,No,Yes,Operational
RE-01811,Spain,2023,Hydroelectric,1380.78,50.51,6109504.13,1860.61,2569.09,25.1,1811706.46,3888,Yes,Yes,Operational
RE-01812,Norway,2019,Hydroelectric,451.14,36.36,1436942.26,2512.58,1133.53,30.6,692996.67,1254,Yes,No,Operational
RE-01813,United Kingdom,2011,Biogas,297.78,50.46,1316275.74,3595.66,1070.72,68.11,828728.47,885,No,No,Operational
RE-01814,Mexico,2017,Biomass,885.03,80.43,6235627.55,3316.24,2934.97,60.8,3802906.11,1781,Yes,No,Operational
RE-01815,Spain,2014,Solar PV,493.58,23.15,1000950.63,1080.63,533.38,26.42,555762.79,1421,Yes,No,Operational
RE-01816,United Kingdom,2021,Solar PV,477.17,21.13,883235.94,1430.75,682.71,38.76,659622.11,837,Yes,No,Construction
RE-01817,United Kingdom,2025,Biomass,768.01,71.32,4798243.85,4345.34,3337.26,114.36,3591477.68,739,Yes,No,Operational
RE-01818,Germany,2025,Solar PV,872.61,17.4,1330067.07,1358.03,1185.03,29.18,891591.85,1443,Yes,No,Operational
RE-01819,Italy,2017,Biomass,1269.11,73.1,8126822.03,1950.08,2474.87,95.61,2773085.0,2728,Yes,Yes,Operational
RE-01820,Canada,2011,Offshore Wind,623.02,49.29,2690078.25,5220.07,3252.21,9.1,832430.06,1732,Yes,No,Operational
RE-01821,South Africa,2012,Offshore Wind,543.67,49.65,2364605.68,4598.08,2499.84,9.68,675440.26,1543,Yes,Yes,Operational
RE-01822,Chile,2020,Onshore Wind,1475.59,25.37,3279368.92,1265.43,1867.26,17.87,1046383.88,2081,Yes,No,Operational
RE-01823,Norway,2024,Hydroelectric,1121.39,48.59,4773178.59,2597.0,2912.25,28.56,3260058.43,3824,Yes,No,Planned
RE-01824,Argentina,2015,Solar PV,1179.73,25.03,2586709.03,1490.85,1758.8,47.73,1749203.18,1999,Yes,No,Planned
RE-01825,Mexico,2012,Geothermal,957.28,94.69,7940488.26,5601.06,5361.78,41.85,5132057.97,784,Yes,No,Operational
RE-01826,Mexico,2023,Offshore Wind,1047.47,46.33,4251165.37,5916.49,6197.35,16.19,2861609.86,2333,Yes,No,Operational
RE-01827,Sweden,2015,Geothermal,1348.89,75.78,8954374.26,4850.5,6542.79,20.8,5619578.91,1623,Yes,Yes,Operational
RE-01828,South Korea,2015,Hydroelectric,1021.11,64.74,5790943.54,4310.57,4401.57,23.95,3078471.56,3854,Yes,No,Planned
RE-01829,Mexico,2025,Hydroelectric,718.9,34.8,2191552.27,3746.79,2693.57,26.97,957309.57,2223,Yes,No,Operational
RE-01830,China,2012,Hydroelectric,5.62,58.64,28869.18,2781.04,15.63,33.75,18175.53,7,No,No,Operational
RE-01831,South Korea,2025,Solar PV,1377.69,25.15,3035243.95,1580.6,2177.58,33.15,1111410.09,696,Yes,Yes,Operational
RE-01832,United States,2012,Onshore Wind,531.78,42.2,1965841.76,1235.62,657.08,16.29,1241734.87,1301,Yes,No,Operational
RE-01833,Poland,2021,Geothermal,356.52,80.2,2504738.39,4567.99,1628.58,43.49,1678413.84,1047,Yes,Yes,Operational
RE-01834,Italy,2011,Biomass,1073.6,58.59,5510234.82,2959.1,3176.89,56.78,2939966.64,1938,Yes,Yes,Operational
RE-01835,Argentina,2018,Offshore Wind,1393.88,40.23,4912239.41,4695.34,6544.74,17.63,2822640.69,2206,No,No,Operational
RE-01836,Poland,2015,Solar PV,44.51,14.76,57550.36,769.0,34.23,49.55,20926.3,47,Yes,Yes,Operational
RE-01837,China,2019,Solar CSP,869.01,30.07,2289087.05,3878.68,3370.61,37.59,903697.39,1091,Yes,No,Operational
RE-01838,Mexico,2015,Biomass,57.09,83.13,415740.11,3402.14,194.23,38.9,136900.6,80,Yes,No,Operational
RE-01839,Brazil,2024,Onshore Wind,1079.4,45.95,4344822.47,2221.66,2398.06,18.98,3215193.5,1642,Yes,No,Construction
RE-01840,Canada,2026,Solar CSP,1231.79,37.23,4017295.85,4385.42,5401.92,28.07,1312967.36,2734,Yes,No,Operational
RE-01841,Brazil,2014,Geothermal,662.14,84.52,4902452.78,3596.36,2381.29,53.54,1240069.64,2440,Yes,No,Construction
RE-01842,Norway,2024,Solar PV,1089.41,20.53,1959225.45,1405.79,1531.48,26.19,1267513.45,4120,Yes,No,Construction
RE-01843,Italy,2018,Onshore Wind,593.44,44.91,2334661.8,1941.7,1152.28,12.65,1499777.07,352,Yes,Yes,Operational
RE-01844,India,2025,Biomass,300.61,87.87,2313919.02,1824.79,548.55,54.53,627144.25,967,Yes,No,Planned
RE-01845,Japan,2020,Solar PV,348.4,15.48,472447.12,1479.63,515.5,29.8,329181.84,1240,Yes,No,Construction
RE-01846,Sweden,2012,Geothermal,654.18,82.1,4704836.39,3677.9,2406.01,52.85,2677332.35,2099,Yes,No,Operational
RE-01847,Argentina,2022,Geothermal,61.0,92.35,493481.46,4707.41,287.15,33.3,198270.51,92,Yes,No,Operational
RE-01848,France,2021,Onshore Wind,1054.94,34.66,3203025.71,1215.7,1282.49,18.08,1481560.93,2910,No,No,Operational
RE-01849,United Kingdom,2019,Solar CSP,1274.45,38.12,4255786.18,3035.96,3869.18,33.8,2906096.91,4195,Yes,No,Operational
RE-01850,Sweden,2020,Solar PV,714.86,18.76,1174783.77,1003.18,717.13,54.27,802494.68,2376,Yes,No,Operational
RE-01851,Italy,2011,Offshore Wind,1200.31,49.57,5212144.52,4207.91,5050.8,24.58,2185674.24,4402,Yes,No,Construction
RE-01852,Norway,2019,Hydroelectric,922.27,37.66,3042583.49,2486.36,2293.1,4.9,995133.92,1486,Yes,Yes,Operational
RE-01853,Japan,2014,Biogas,381.69,83.18,2781210.14,3981.63,1519.75,77.74,770940.3,1153,Yes,No,Operational
RE-01854,Australia,2018,Solar CSP,1062.85,26.62,2478472.67,2784.75,2959.77,39.46,1187262.03,703,Yes,No,Operational
RE-01855,Sweden,2026,Offshore Wind,1022.06,41.91,3752305.23,4219.79,4312.88,21.21,1754981.26,683,Yes,No,Operational
RE-01856,Chile,2010,Solar CSP,712.41,37.35,2330905.78,2744.63,1955.3,44.84,1584739.19,1100,Yes,No,Construction
RE-01857,Sweden,2012,Hydroelectric,1358.94,45.76,5447414.27,4370.33,5939.02,13.29,2200765.35,5263,Yes,No,Operational
RE-01858,South Korea,2019,Offshore Wind,1374.74,36.67,4416066.3,4954.99,6811.82,24.69,3159517.94,3149,Yes,No,Operational
RE-01859,South Korea,2021,Biogas,500.38,61.83,2710212.2,2607.97,1304.98,80.39,1000536.93,651,Yes,No,Operational
RE-01860,Brazil,2023,Solar PV,1448.56,14.43,1831078.34,1135.75,1645.2,52.18,1165321.33,1566,Yes,No,Construction
RE-01861,Mexico,2014,Offshore Wind,1216.29,47.86,5099339.61,5482.79,6668.66,23.97,3456070.47,3912,Yes,No,Operational
RE-01862,India,2016,Onshore Wind,1105.5,37.95,3675146.31,1318.6,1457.71,18.38,2013835.44,2491,Yes,Yes,Construction
RE-01863,United Kingdom,2011,Solar CSP,868.0,23.72,1803592.9,3123.11,2710.86,22.0,463799.0,3134,Yes,Yes,Planned
RE-01864,United States,2020,Biomass,704.03,58.54,3610339.06,3397.41,2391.88,119.86,1213112.76,2706,Yes,No,Construction
RE-01865,China,2024,Biomass,892.3,83.62,6536197.44,2101.08,1874.79,98.04,3688780.11,549,Yes,No,Operational
RE-01866,Argentina,2020,Onshore Wind,444.75,38.8,1511651.88,1275.34,567.21,10.13,617621.7,896,Yes,No,Operational
RE-01867,Japan,2014,Hydroelectric,832.75,59.89,4368909.62,3261.79,2716.26,11.71,2328356.87,1780,No,No,Operational
RE-01868,Canada,2023,Offshore Wind,850.81,56.91,4241556.71,6225.06,5296.34,11.66,1463590.46,806,Yes,No,Operational
RE-01869,Sweden,2015,Geothermal,413.84,92.07,3337756.99,3756.78,1554.71,24.76,2020018.55,1112,Yes,Yes,Operational
RE-01870,Canada,2010,Geothermal,1060.48,93.36,8672961.76,3458.2,3667.35,46.25,5330335.13,4158,Yes,Yes,Construction
RE-01871,Canada,2023,Onshore Wind,1061.24,44.85,4169463.39,1582.54,1679.45,15.97,1592419.47,2130,Yes,Yes,Construction
RE-01872,South Korea,2013,Solar CSP,472.31,29.44,1218061.04,2510.64,1185.8,27.39,475849.01,1165,Yes,No,Construction
RE-01873,South Korea,2021,Biomass,229.5,66.44,1335723.05,2105.49,483.21,72.46,926514.73,489,Yes,Yes,Planned
RE-01874,United Kingdom,2019,Offshore Wind,1097.35,35.97,3457719.12,3274.76,3593.56,13.3,2422859.85,1305,Yes,Yes,Operational
RE-01875,South Africa,2019,Offshore Wind,933.3,41.58,3399459.39,3399.78,3173.01,23.07,1817765.62,1085,Yes,No,Operational
RE-01876,Mexico,2024,Offshore Wind,667.11,49.71,2904994.54,6235.41,4159.7,19.95,1456034.52,2116,Yes,No,Operational
RE-01877,Mexico,2011,Hydroelectric,936.77,36.74,3014923.05,4003.93,3750.76,23.74,849705.94,1698,Yes,No,Operational
RE-01878,Japan,2018,Hydroelectric,532.03,30.24,1409360.24,3752.02,1996.19,11.49,439989.09,707,Yes,No,Planned
RE-01879,China,2015,Onshore Wind,684.44,43.46,2605728.79,1513.27,1035.74,12.01,960568.68,1684,Yes,Yes,Construction
RE-01880,Norway,2019,Geothermal,329.28,77.87,2246154.54,5837.03,1922.02,40.21,1230306.17,890,No,Yes,Operational
RE-01881,Spain,2016,Biomass,1201.62,58.99,6209400.19,2358.43,2833.94,54.4,3528110.99,3256,Yes,No,Operational
RE-01882,India,2026,Onshore Wind,316.2,45.76,1267511.73,1637.8,517.87,15.35,393542.94,415,Yes,No,Planned
RE-01883,France,2019,Biomass,854.43,83.32,6236341.03,2946.66,2517.71,111.08,2719715.87,1352,Yes,Yes,Operational
RE-01884,Italy,2020,Biomass,942.48,55.34,4568939.46,2235.95,2107.34,60.72,1814386.02,706,Yes,No,Construction
RE-01885,Poland,2015,Solar PV,395.85,15.28,529856.31,1014.02,401.4,35.92,372007.26,1217,Yes,No,Planned
RE-01886,Canada,2026,Offshore Wind,1273.06,39.14,4364894.99,5394.74,6867.83,11.13,2400721.83,1598,Yes,No,Operational
RE-01887,India,2021,Biogas,104.48,74.62,682955.67,1971.03,205.93,69.01,213095.01,222,No,No,Operational
RE-01888,India,2011,Offshore Wind,292.01,41.58,1063619.56,4200.24,1226.51,21.2,767976.37,1088,Yes,Yes,Planned
RE-01889,Argentina,2014,Biogas,874.66,84.25,6455253.2,2047.41,1790.79,49.37,4414098.74,2396,Yes,Yes,Planned
RE-01890,China,2017,Biogas,1400.49,66.67,8179270.54,2806.81,3930.91,46.05,3143941.2,5584,No,No,Planned
RE-01891,Brazil,2016,Biomass,1275.14,75.95,8483786.95,3736.08,4764.03,96.05,4818064.14,4422,Yes,Yes,Operational
RE-01892,India,2020,Offshore Wind,1125.44,55.75,5496311.33,3816.33,4295.05,8.95,2768689.13,3996,No,No,Operational
RE-01893,Germany,2024,Biomass,321.74,85.4,2406949.81,3330.48,1071.55,68.1,1301728.02,1036,Yes,No,Planned
RE-01894,Norway,2015,Solar CSP,214.73,34.15,642373.38,2849.9,611.96,24.11,170742.11,462,Yes,Yes,Operational
RE-01895,South Africa,2021,Biomass,434.33,59.72,2272185.23,3270.95,1420.67,99.02,1511163.77,911,Yes,No,Operational
RE-01896,Canada,2020,Geothermal,435.76,78.0,2977460.93,3701.04,1612.77,53.04,1055324.32,1023,No,No,Operational
RE-01897,United States,2026,Biogas,505.1,51.68,2286672.56,2635.27,1331.07,40.64,1507904.8,601,Yes,No,Operational
RE-01898,Australia,2025,Biomass,111.46,83.8,818214.48,4044.6,450.81,85.53,219275.79,293,Yes,No,Construction
RE-01899,Brazil,2026,Biogas,1493.27,68.22,8923889.04,1820.32,2718.23,33.71,5445137.92,5876,Yes,No,Operational
RE-01900,South Africa,2016,Offshore Wind,1030.19,37.71,3403125.53,4047.18,4169.36,8.83,1962004.83,2907,Yes,Yes,Planned
RE-01901,Germany,2024,Biogas,861.74,66.96,5054704.87,3982.84,3432.17,71.94,3671321.14,566,Yes,No,Construction
RE-01902,Brazil,2010,Solar CSP,1461.31,41.03,5252281.32,3173.79,4637.89,34.41,3067602.56,605,Yes,Yes,Planned
RE-01903,South Africa,2024,Biomass,1358.04,80.0,9517144.32,2245.24,3049.13,65.65,5752787.65,2123,Yes,Yes,Operational
RE-01904,Sweden,2021,Geothermal,776.28,86.05,5851583.11,3864.59,3000.0,46.13,3364562.05,1916,Yes,No,Operational
RE-01905,United States,2021,Biogas,307.41,80.11,2157291.48,3549.63,1091.19,59.32,1453077.19,865,Yes,No,Operational
RE-01906,Chile,2010,Solar CSP,897.01,29.13,2288979.35,4412.67,3958.21,32.59,1474090.65,587,Yes,No,Operational
RE-01907,Australia,2018,Geothermal,33.35,75.6,220862.38,3961.89,132.13,30.96,134135.78,86,Yes,Yes,Operational
RE-01908,South Korea,2014,Biogas,494.35,62.15,2691409.48,1980.15,978.89,70.05,1049796.27,512,Yes,No,Operational
RE-01909,United Kingdom,2022,Geothermal,693.5,80.09,4865515.55,3566.18,2473.15,20.82,2025596.27,2472,No,Yes,Operational
RE-01910,Norway,2024,Solar PV,1256.92,16.3,1794730.93,826.99,1039.46,45.14,711383.45,3419,Yes,Yes,Planned
RE-01911,India,2010,Onshore Wind,1348.34,47.44,5603355.86,1967.69,2653.12,19.8,3703795.37,754,Yes,No,Construction
RE-01912,Spain,2017,Solar PV,1016.02,21.19,1885981.03,738.31,750.14,29.05,1407530.5,1671,Yes,Yes,Retired
RE-01913,United States,2013,Onshore Wind,970.59,25.97,2208065.07,1186.41,1151.52,16.32,1253262.58,2764,No,No,Planned
RE-01914,Brazil,2026,Solar CSP,608.24,27.39,1459389.16,4765.22,2898.4,37.43,719875.66,278,Yes,Yes,Planned
RE-01915,Argentina,2014,Biomass,177.77,66.69,1038540.16,2008.68,357.08,118.2,423209.22,668,Yes,No,Construction
RE-01916,Sweden,2020,Geothermal,16.77,92.69,136166.43,3598.26,60.34,29.13,61723.6,48,Yes,No,Operational
RE-01917,South Korea,2017,Biomass,225.07,83.23,1640973.67,2703.18,608.4,116.67,971889.63,702,Yes,No,Operational
RE-01918,Mexico,2019,Biogas,550.51,73.89,3563321.31,3596.06,1979.67,41.67,2225431.73,664,Yes,Yes,Operational
RE-01919,Germany,2018,Biomass,406.37,55.22,1965722.22,3333.63,1354.69,104.5,558800.65,1239,Yes,Yes,Planned
RE-01920,Spain,2013,Geothermal,600.01,91.54,4811422.59,5413.2,3247.97,44.09,3198056.33,508,Yes,Yes,Planned
RE-01921,Spain,2016,Onshore Wind,82.4,34.53,249245.83,2083.81,171.71,13.51,157477.74,43,Yes,No,Construction
RE-01922,South Africa,2024,Solar CSP,990.13,29.18,2530938.62,4127.09,4086.36,42.38,1484381.89,3258,Yes,No,Operational
RE-01923,Japan,2022,Biomass,1322.46,84.71,9813441.39,2114.79,2796.73,105.54,2992788.16,2806,Yes,Yes,Construction
RE-01924,Sweden,2021,Geothermal,874.76,83.21,6376297.09,4881.81,4270.41,31.12,1813317.66,2042,Yes,Yes,Operational
RE-01925,Norway,2025,Solar PV,1295.76,23.89,2711719.88,1407.95,1824.37,58.75,1449765.42,1657,Yes,No,Operational
RE-01926,Australia,2021,Geothermal,1130.76,80.05,7929318.81,5952.47,6730.81,43.87,5254922.45,4291,Yes,No,Operational
RE-01927,Japan,2024,Solar CSP,1318.46,38.23,4415453.98,4837.6,6378.18,38.83,1758570.45,2456,Yes,No,Operational
RE-01928,Chile,2013,Solar PV,922.94,21.27,1719669.8,1595.74,1472.77,54.52,882175.89,3055,Yes,Yes,Construction
RE-01929,Sweden,2022,Solar CSP,80.53,24.42,172269.13,4111.8,331.12,16.88,79592.89,171,Yes,Yes,Operational
RE-01930,Mexico,2016,Biogas,1126.55,65.57,6470826.59,2076.94,2339.78,85.65,4165718.59,914,Yes,No,Construction
RE-01931,Mexico,2026,Solar CSP,115.3,37.06,374316.38,2729.23,314.68,25.1,234072.9,341,Yes,No,Operational
RE-01932,United Kingdom,2013,Solar PV,276.65,15.78,382421.04,1452.96,401.96,22.45,198103.65,800,Yes,No,Operational
RE-01933,Spain,2024,Biomass,1196.69,81.2,8512199.57,2876.39,3442.15,104.92,4809316.16,2110,Yes,Yes,Operational
RE-01934,Australia,2024,Solar PV,1499.91,16.3,2141691.49,1548.49,2322.6,48.26,1069355.31,5754,Yes,No,Operational
RE-01935,Italy,2014,Biogas,1367.34,57.53,6890884.95,1677.53,2293.75,42.3,3378448.33,2427,Yes,No,Operational
RE-01936,Italy,2010,Biogas,241.13,59.49,1256606.56,3681.2,887.65,75.7,595269.21,885,Yes,Yes,Operational
RE-01937,Mexico,2023,Hydroelectric,1212.71,33.2,3526948.75,2518.76,3054.53,16.8,1325482.17,960,Yes,Yes,Operational
RE-01938,Canada,2022,Geothermal,575.18,89.81,4525145.82,5582.19,3210.76,24.81,3075987.78,2076,Yes,No,Operational
RE-01939,Australia,2011,Solar CSP,1265.32,30.8,3413934.59,3539.36,4478.42,16.66,963795.52,919,No,Yes,Planned
RE-01940,United States,2025,Solar CSP,483.4,39.94,1691292.85,3055.12,1476.85,23.52,1121762.57,404,Yes,No,Operational
RE-01941,United States,2021,Geothermal,191.55,75.5,1266873.39,3947.93,756.23,42.01,502472.34,686,Yes,No,Operational
RE-01942,India,2019,Biomass,203.29,83.14,1480574.08,3121.39,634.55,114.5,1077519.17,103,Yes,No,Operational
RE-01943,Poland,2023,Solar PV,212.51,23.96,446036.39,1548.34,329.04,59.87,113758.36,829,Yes,Yes,Operational
RE-01944,United States,2017,Solar PV,358.26,18.81,590325.06,1524.05,546.01,43.35,356618.24,1015,Yes,Yes,Operational
RE-01945,Canada,2017,Geothermal,1412.0,76.22,9427743.26,4853.61,6853.3,48.06,6631405.24,2056,Yes,No,Planned
RE-01946,Chile,2019,Biogas,1219.06,72.75,7768947.47,3518.48,4289.24,80.62,4340306.8,648,Yes,No,Construction
RE-01947,Mexico,2025,Solar PV,577.41,22.08,1116831.04,1476.33,852.45,50.48,490010.25,278,Yes,No,Operational
RE-01948,Chile,2023,Biogas,618.74,55.71,3019572.47,2105.37,1302.68,80.01,1302148.92,2062,Yes,Yes,Operational
RE-01949,Spain,2012,Offshore Wind,1040.67,55.96,5101464.24,5623.38,5852.08,21.23,3473756.74,3325,Yes,No,Operational
RE-01950,India,2022,Hydroelectric,1082.77,37.83,3588200.17,4852.61,5254.26,5.63,2217434.23,4208,Yes,No,Planned
RE-01951,India,2022,Biogas,1430.73,72.89,9135445.69,2787.71,3988.46,68.92,4164958.37,2245,Yes,No,Planned
RE-01952,South Africa,2020,Solar PV,310.58,23.14,629565.54,1218.17,378.34,27.04,340477.92,529,No,Yes,Planned
RE-01953,United States,2025,Biomass,1104.07,62.08,6004162.31,2503.0,2763.49,117.55,1728685.59,907,Yes,No,Operational
RE-01954,Spain,2012,Biogas,1261.3,61.51,6796232.52,2062.64,2601.61,25.71,3814529.87,1838,Yes,Yes,Operational
RE-01955,Japan,2026,Hydroelectric,1447.2,53.98,6843299.39,4770.83,6904.35,9.02,3285950.01,1642,Yes,No,Operational
RE-01956,Germany,2018,Offshore Wind,1491.11,48.55,6341661.01,3895.92,5809.25,14.61,2608210.22,2999,Yes,No,Operational
RE-01957,South Korea,2018,Biogas,42.96,51.9,195315.06,2490.75,107.0,82.52,126059.49,34,Yes,No,Construction
RE-01958,South Africa,2018,Offshore Wind,145.61,46.86,597719.73,4695.77,683.75,17.56,199329.8,392,Yes,No,Construction
RE-01959,Australia,2015,Geothermal,1483.5,90.72,11789481.31,4250.24,6305.23,54.62,7840539.39,1330,Yes,No,Planned
RE-01960,Spain,2014,Hydroelectric,116.99,46.78,479416.6,4320.94,505.51,15.12,126351.42,174,Yes,Yes,Operational
RE-01961,South Korea,2012,Offshore Wind,714.42,38.25,2393807.09,3203.44,2288.6,19.86,787564.43,683,Yes,Yes,Operational
RE-01962,Germany,2016,Hydroelectric,817.38,64.77,4637693.15,3191.06,2608.31,21.86,3291008.22,1748,Yes,No,Construction
RE-01963,South Korea,2025,Offshore Wind,2.05,55.72,10006.2,4641.46,9.51,18.31,4753.24,2,No,No,Planned
RE-01964,Argentina,2012,Solar PV,417.72,19.37,708792.31,907.93,379.26,39.92,508998.48,1484,Yes,Yes,Operational
RE-01965,United States,2020,Solar PV,1025.96,22.57,2028458.35,724.08,742.88,23.04,1494745.59,3166,Yes,No,Operational
RE-01966,Australia,2012,Biogas,432.31,74.28,2813010.04,2020.13,873.32,31.84,922153.31,996,Yes,No,Construction
RE-01967,India,2019,Onshore Wind,1180.54,26.47,2737403.1,2152.22,2540.78,16.86,1409135.08,569,Yes,No,Construction
RE-01968,Italy,2024,Solar CSP,733.15,37.16,2386561.61,3470.89,2544.68,17.84,1404543.19,1161,Yes,No,Operational
RE-01969,Chile,2025,Solar CSP,1270.61,41.8,4652567.22,5393.65,6853.23,24.43,2048520.6,3702,No,Yes,Operational
RE-01970,Sweden,2017,Solar PV,1371.31,24.31,2920281.44,1237.27,1696.68,32.01,1592898.75,4249,Yes,No,Operational
RE-01971,Chile,2015,Biomass,1439.76,65.67,8282495.83,3479.01,5008.94,79.19,5949416.2,1419,Yes,No,Operational
RE-01972,Germany,2023,Onshore Wind,617.56,46.5,2515568.9,1972.4,1218.08,19.08,1851692.8,1463,Yes,No,Planned
RE-01973,Poland,2021,Onshore Wind,172.86,46.68,706853.58,1959.21,338.67,18.31,326827.09,364,Yes,Yes,Operational
RE-01974,China,2026,Geothermal,1488.36,70.29,9164433.82,3206.27,4772.08,33.59,3312675.69,739,Yes,No,Operational
RE-01975,Sweden,2016,Biomass,1478.43,70.76,9164160.72,3954.79,5846.88,59.41,6095029.47,4975,Yes,No,Operational
RE-01976,China,2016,Onshore Wind,461.02,36.14,1459526.62,2387.2,1100.55,9.32,472728.06,420,No,Yes,Operational
RE-01977,France,2021,Solar PV,1139.49,22.43,2238947.44,1584.4,1805.41,21.56,1254729.51,2943,Yes,No,Operational
RE-01978,Canada,2016,Onshore Wind,161.57,45.64,645967.2,1425.4,230.3,18.79,200287.91,636,Yes,Yes,Operational
RE-01979,Australia,2023,Biogas,118.02,59.18,611835.51,3523.0,415.78,83.99,387797.27,425,Yes,Yes,Planned
RE-01980,Sweden,2012,Hydroelectric,862.67,64.73,4891639.11,3303.29,2849.65,23.2,2470047.08,1154,Yes,No,Operational
RE-01981,Germany,2021,Onshore Wind,851.08,45.47,3389998.03,2085.0,1774.5,8.05,1449973.13,2521,Yes,Yes,Operational
RE-01982,South Africa,2020,Solar CSP,1394.12,36.45,4451453.04,3103.08,4326.07,44.66,2516834.37,5406,Yes,Yes,Construction
RE-01983,Spain,2025,Biogas,264.5,61.1,1415699.22,3011.63,796.58,89.98,919967.42,985,Yes,No,Operational
RE-01984,India,2013,Geothermal,902.61,82.13,6493907.07,3244.97,2928.94,46.37,4287310.18,1544,No,No,Operational
RE-01985,Sweden,2012,Onshore Wind,742.28,26.84,1745236.86,2033.94,1509.75,17.34,915785.41,2684,Yes,Yes,Operational
RE-01986,Sweden,2011,Biogas,609.27,73.98,3948464.41,3200.16,1949.76,64.35,1298714.24,870,Yes,No,Construction
RE-01987,Australia,2020,Hydroelectric,1008.53,47.61,4206211.53,1926.82,1943.26,10.23,1346623.16,635,Yes,Yes,Operational
RE-01988,Mexico,2018,Onshore Wind,405.46,29.65,1053117.48,1118.15,453.37,10.59,787886.93,653,Yes,No,Operational
RE-01989,South Korea,2019,Solar PV,601.58,28.35,1493999.87,1535.13,923.5,48.52,534623.56,1266,Yes,Yes,Construction
RE-01990,United Kingdom,2018,Onshore Wind,722.03,32.43,2051191.92,1574.23,1136.64,15.77,1123534.56,923,Yes,No,Operational
RE-01991,Japan,2020,Solar CSP,733.26,33.62,2159532.83,4380.92,3212.35,15.45,1115678.49,1618,Yes,Yes,Operational
RE-01992,Japan,2013,Solar PV,1297.83,17.85,2029364.86,1318.79,1711.57,20.2,1239079.41,2690,Yes,No,Operational
RE-01993,Italy,2024,Geothermal,58.93,74.68,385518.17,3766.09,221.94,38.85,97365.03,145,Yes,No,Operational
RE-01994,Poland,2010,Offshore Wind,694.72,37.73,2296152.42,5734.52,3983.89,23.05,1505663.58,2647,Yes,No,Operational
RE-01995,Norway,2026,Biogas,871.25,59.16,4515179.94,3532.9,3078.04,63.12,3272771.7,2763,Yes,No,Construction
RE-01996,Mexico,2016,Biogas,81.99,84.43,606403.62,3799.11,311.49,87.12,170509.8,112,Yes,Yes,Operational
RE-01997,Argentina,2015,Solar PV,1319.9,22.29,2577242.02,961.34,1268.87,40.97,789211.05,4002,Yes,No,Operational
RE-01998,Canada,2014,Hydroelectric,1420.6,44.58,5547738.48,3386.95,4811.5,15.65,4127177.22,4639,Yes,No,Operational
RE-01999,United States,2023,Offshore Wind,1495.98,52.12,6830213.84,6000.24,8976.24,16.54,2983430.54,4062,Yes,No,Operational
RE-02000,Chile,2017,Geothermal,1322.91,73.62,8531594.76,5283.12,6989.09,29.9,4963346.44,4864,Yes,No,Operational
RE-02001,South Africa,2016,Onshore Wind,1099.46,42.88,4129888.4,2127.07,2338.63,16.62,1510759.87,1584,Yes,No,Operational
RE-02002,Australia,2015,Biogas,1303.3,59.15,6753101.08,3723.3,4852.58,44.5,3177268.05,4515,Yes,Yes,Construction
RE-02003,Chile,2026,Solar CSP,197.45,35.42,612646.28,4080.87,805.77,27.32,382860.66,473,Yes,No,Planned
RE-02004,Canada,2015,Biomass,1169.59,76.44,7831743.06,2042.43,2388.81,86.47,4897986.21,1298,Yes,No,Operational
RE-02005,Japan,2024,Biomass,254.19,80.46,1791606.36,3900.85,991.56,73.08,931167.69,242,Yes,Yes,Planned
RE-02006,Norway,2015,Solar CSP,85.81,27.87,209497.56,5075.28,435.51,23.32,127763.96,63,No,No,Operational
RE-02007,Germany,2019,Biogas,545.79,75.38,3604008.56,1635.0,892.37,35.54,1241258.24,1466,Yes,No,Planned
RE-02008,Canada,2010,Biogas,215.7,62.25,1176233.67,1875.21,404.48,74.29,590510.07,405,Yes,Yes,Planned
RE-02009,Japan,2021,Onshore Wind,520.41,37.42,1705899.82,1437.28,747.97,19.8,798023.63,1888,Yes,No,Operational
RE-02010,Canada,2012,Biogas,1428.67,65.98,8257495.44,3745.75,5351.44,67.61,2498680.51,2716,Yes,Yes,Construction
RE-02011,Chile,2010,Biomass,1449.24,69.85,8867696.67,3122.35,4525.03,60.45,2596532.85,3648,Yes,No,Operational
RE-02012,Spain,2023,Onshore Wind,462.79,30.51,1236887.73,2100.62,972.15,7.15,475510.89,1069,Yes,No,Planned
RE-02013,Spain,2022,Onshore Wind,771.6,34.86,2356262.7,1147.54,885.44,17.68,1096502.05,1200,Yes,No,Operational
RE-02014,Australia,2012,Hydroelectric,170.16,63.94,953090.66,3215.93,547.22,33.35,674144.74,316,Yes,Yes,Operational
RE-02015,Italy,2016,Biomass,915.07,55.31,4433656.9,3190.97,2919.96,117.93,3011440.47,1131,Yes,Yes,Planned
RE-02016,South Africa,2017,Hydroelectric,364.6,37.42,1195155.88,3028.35,1104.14,17.82,352122.0,339,Yes,Yes,Planned
RE-02017,Sweden,2022,Biomass,804.97,69.28,4885304.97,4043.67,3255.03,49.11,3388906.4,464,Yes,No,Operational
RE-02018,Japan,2019,Biogas,876.52,50.67,3890602.31,3458.1,3031.09,31.6,2022929.23,1398,Yes,No,Operational
RE-02019,Australia,2022,Hydroelectric,1375.02,54.12,6518848.82,2830.37,3891.82,18.36,2379372.45,2819,Yes,No,Construction
RE-02020,Mexico,2025,Solar CSP,3.19,37.36,10440.03,4126.92,13.16,42.95,5414.4,3,Yes,No,Operational
RE-02021,France,2021,Biomass,319.58,63.4,1774896.19,1884.82,602.35,88.33,1093095.9,393,Yes,No,Operational
RE-02022,Argentina,2015,Biomass,248.98,86.64,1889674.54,4007.91,997.89,41.66,957554.81,338,Yes,Yes,Operational
RE-02023,Poland,2013,Biogas,490.48,64.31,2763146.55,2724.26,1336.2,58.81,1201969.81,1076,No,Yes,Operational
RE-02024,Brazil,2010,Offshore Wind,563.78,47.57,2349345.68,5611.29,3163.53,24.62,1167180.38,747,Yes,Yes,Operational
RE-02025,Australia,2024,Hydroelectric,606.29,49.49,2628463.59,2182.56,1323.26,5.74,1953319.68,632,Yes,No,Operational
RE-02026,Brazil,2014,Onshore Wind,740.68,35.09,2276764.4,2137.65,1583.31,11.05,1639629.1,1050,Yes,No,Planned
RE-02027,Sweden,2015,Onshore Wind,593.53,44.37,2306939.53,1211.92,719.31,10.83,1189868.77,2008,Yes,No,Operational
RE-02028,China,2018,Hydroelectric,191.43,55.65,933209.76,3537.89,677.26,12.2,486826.18,682,Yes,Yes,Operational
RE-02029,Argentina,2020,Onshore Wind,1017.22,34.24,3051074.08,1415.61,1439.99,16.31,1226777.66,677,Yes,No,Operational
RE-02030,Chile,2022,Offshore Wind,1248.46,41.7,4560524.5,6349.33,7926.88,13.53,3214070.58,4449,Yes,Yes,Planned
RE-02031,Argentina,2022,Offshore Wind,502.11,46.27,2035178.36,5167.69,2594.75,24.04,1302600.12,975,Yes,No,Planned
RE-02032,Norway,2024,Geothermal,1175.09,82.75,8518109.9,3644.55,4282.67,44.7,2528834.57,4609,No,No,Planned
RE-02033,United Kingdom,2018,Biogas,747.42,78.7,5152803.17,2279.82,1703.98,80.24,1805748.89,2664,Yes,No,Operational
RE-02034,Australia,2018,Hydroelectric,627.9,37.71,2074202.35,2091.14,1313.03,22.29,1152307.68,1654,Yes,Yes,Planned
RE-02035,Chile,2021,Onshore Wind,170.86,26.72,399927.22,1310.41,223.9,17.49,244572.7,461,Yes,Yes,Operational
RE-02036,France,2014,Geothermal,1484.52,83.87,10906786.25,4278.22,6351.1,47.38,3697752.28,2760,Yes,No,Operational
RE-02037,China,2017,Biogas,1358.47,75.39,8971558.67,3073.07,4174.67,41.71,3082675.71,2373,Yes,No,Planned
RE-02038,Brazil,2016,Onshore Wind,465.64,42.68,1740919.93,1312.61,611.2,8.89,768667.4,498,Yes,Yes,Planned
RE-02039,Japan,2010,Geothermal,849.59,84.08,6257576.98,4217.19,3582.88,35.22,1618323.51,484,No,No,Operational
RE-02040,South Africa,2026,Hydroelectric,1168.89,56.95,5831381.81,3415.15,3991.93,31.84,3152375.92,3230,Yes,No,Planned
RE-02041,Brazil,2026,Onshore Wind,881.12,30.11,2324073.83,2107.37,1856.85,11.19,1251634.03,627,No,Yes,Construction
RE-02042,South Korea,2012,Biomass,165.15,63.14,913455.22,2858.05,472.01,106.12,453727.49,147,Yes,No,Operational
RE-02043,China,2020,Solar PV,38.96,26.49,90407.62,1360.47,53.0,54.62,29731.12,100,Yes,Yes,Operational
RE-02044,Norway,2024,Biomass,746.91,85.68,5605983.79,4051.37,3026.01,96.52,4155146.1,2166,Yes,Yes,Planned
RE-02045,United States,2016,Solar CSP,1386.5,22.6,2744937.24,3096.36,4293.1,38.2,1849366.39,4883,Yes,No,Planned
RE-02046,Chile,2019,Solar PV,900.91,16.3,1286391.37,1372.55,1236.54,25.1,964782.26,659,Yes,No,Operational
RE-02047,Japan,2014,Biomass,894.62,75.81,5941132.06,3745.42,3350.73,84.32,2003548.09,3334,Yes,No,Planned
RE-02048,Brazil,2011,Solar CSP,358.67,33.24,1044383.91,3511.49,1259.47,36.93,533891.31,487,Yes,No,Planned
RE-02049,Mexico,2016,Hydroelectric,158.37,42.36,587669.26,3817.51,604.58,27.55,405391.66,611,Yes,Yes,Operational
RE-02050,Italy,2019,Hydroelectric,1153.27,57.06,5764569.35,2713.1,3128.94,31.46,4010678.9,4398,Yes,No,Planned
RE-02051,Brazil,2021,Biomass,648.95,82.8,4707016.06,3863.17,2507.0,84.77,3523544.87,842,Yes,No,Operational
RE-02052,United Kingdom,2014,Geothermal,565.86,71.42,3540241.98,2351.47,1330.6,44.0,1435406.25,269,Yes,Yes,Operational
RE-02053,United Kingdom,2026,Solar PV,852.97,20.3,1516819.49,1179.44,1006.03,24.51,911491.4,3318,Yes,No,Operational
RE-02054,Mexico,2011,Solar CSP,1006.06,33.61,2962078.07,3153.21,3172.32,39.7,896400.13,1606,Yes,No,Operational
RE-02055,South Korea,2021,Biogas,970.05,80.6,6849096.23,2965.04,2876.24,51.08,4335783.82,1293,Yes,No,Construction
RE-02056,Norway,2017,Biomass,129.45,69.74,790839.05,3992.01,516.77,119.73,382290.8,91,Yes,No,Operational
RE-02057,Brazil,2024,Onshore Wind,808.65,34.57,2448860.67,1616.34,1307.05,7.37,1247542.22,1707,Yes,No,Operational
RE-02058,South Korea,2010,Onshore Wind,546.47,34.15,1634786.86,2225.68,1216.27,11.66,767829.06,1794,Yes,No,Operational
RE-02059,India,2018,Biogas,65.35,56.91,325790.4,2896.0,189.25,37.16,155334.16,92,Yes,No,Operational
RE-02060,China,2013,Solar PV,219.93,15.46,297850.32,1541.36,338.99,56.87,135007.25,420,Yes,No,Operational
RE-02061,South Korea,2011,Geothermal,197.56,89.52,1549256.04,4487.21,886.49,26.99,512860.62,166,Yes,No,Planned
RE-02062,Argentina,2010,Geothermal,878.91,80.95,6232544.17,2533.24,2226.49,34.49,4196953.95,515,Yes,No,Planned
RE-02063,Germany,2018,Biogas,257.85,79.7,1800236.5,1967.52,507.33,42.99,561921.49,529,Yes,No,Retired
RE-02064,Poland,2013,Geothermal,907.01,74.38,5909794.17,2922.44,2650.68,38.07,3607572.99,1031,Yes,No,Operational
RE-02065,United Kingdom,2013,Solar CSP,211.94,27.05,502208.79,5106.75,1082.32,39.16,151078.0,151,Yes,No,Operational
RE-02066,South Korea,2014,Offshore Wind,163.19,57.31,819271.9,5638.27,920.11,20.44,589964.32,341,Yes,No,Planned
RE-02067,France,2024,Onshore Wind,733.33,41.84,2687789.38,1421.04,1042.09,10.0,1459818.44,1406,Yes,No,Operational
RE-02068,Brazil,2024,Solar CSP,362.47,35.24,1118953.59,5055.71,1832.54,20.32,734226.98,1173,Yes,No,Operational
RE-02069,Argentina,2023,Biogas,720.44,57.77,3645896.13,2565.73,1848.45,54.75,1832692.0,2616,Yes,No,Operational
RE-02070,United States,2013,Offshore Wind,1274.88,56.95,6360146.84,5323.89,6787.32,14.93,3319216.53,4328,Yes,Yes,Planned
RE-02071,Australia,2020,Biomass,49.39,58.58,253450.12,1922.94,94.97,115.63,117413.04,146,Yes,No,Planned
RE-02072,Italy,2018,Solar PV,1183.41,24.07,2495257.85,1168.48,1382.79,57.93,1242138.39,4275,Yes,No,Planned
RE-02073,Chile,2025,Solar CSP,728.1,30.39,1938321.61,4931.54,3590.65,25.05,1392840.52,948,Yes,No,Operational
RE-02074,United Kingdom,2022,Solar PV,1470.68,23.15,2982450.8,1592.72,2342.38,33.74,1362934.14,1709,Yes,Yes,Operational
RE-02075,Brazil,2017,Hydroelectric,1119.29,45.3,4441656.12,3457.62,3870.08,17.81,2280355.76,3572,Yes,Yes,Operational
RE-02076,Japan,2026,Biomass,1412.88,72.92,9025183.56,3131.1,4423.87,99.99,6731407.5,2731,Yes,No,Construction
RE-02077,Sweden,2012,Solar CSP,485.94,32.17,1369423.63,4694.4,2281.2,38.42,448987.02,573,Yes,No,Operational
RE-02078,United Kingdom,2021,Geothermal,1194.71,71.39,7471434.39,5154.29,6157.88,40.84,3762680.02,4229,Yes,No,Operational
RE-02079,Sweden,2026,Solar PV,50.11,22.85,100303.18,851.22,42.65,36.32,32495.56,55,Yes,No,Operational
RE-02080,United States,2014,Solar PV,1408.52,24.65,3041473.58,937.85,1320.98,37.55,1504414.24,3453,Yes,No,Retired
RE-02081,Norway,2022,Biogas,1482.79,69.28,8998945.75,3228.28,4786.86,72.96,5645700.25,723,Yes,Yes,Planned
RE-02082,India,2023,Solar CSP,215.78,29.38,555350.4,3229.36,696.83,39.9,393687.06,213,Yes,No,Construction
RE-02083,China,2024,Onshore Wind,537.18,29.82,1403238.79,1998.69,1073.66,8.79,940101.16,1674,Yes,No,Planned
RE-02084,Germany,2023,Onshore Wind,1185.2,29.47,3059679.13,2274.6,2695.86,15.92,998586.44,3630,Yes,No,Operational
RE-02085,South Korea,2022,Solar PV,1240.03,19.55,2123650.58,887.16,1100.11,55.52,1189981.3,2551,Yes,No,Operational
RE-02086,United States,2018,Biogas,1458.95,77.23,9870304.46,2115.41,3086.28,85.04,7083648.83,4787,Yes,Yes,Construction
RE-02087,United States,2025,Solar PV,323.31,21.37,605240.2,839.31,271.36,39.12,345752.28,150,Yes,No,Planned
RE-02088,Mexico,2012,Geothermal,77.92,82.4,562445.26,4225.53,329.25,25.67,411042.79,102,Yes,No,Planned
RE-02089,Germany,2019,Solar CSP,29.56,27.82,72038.67,3171.82,93.76,30.33,42595.45,53,Yes,Yes,Operational
RE-02090,Japan,2012,Hydroelectric,56.5,35.27,174565.34,1839.54,103.93,21.22,96018.42,130,Yes,No,Operational
RE-02091,India,2024,Geothermal,1471.18,83.52,10763670.74,3622.55,5329.42,46.67,3729999.03,2287,Yes,Yes,Operational
RE-02092,Poland,2012,Biogas,896.13,55.76,4377215.09,3330.75,2984.78,40.75,3169328.17,1093,Yes,No,Operational
RE-02093,Germany,2020,Biogas,344.59,64.98,1961491.74,2030.83,699.8,52.87,624264.69,557,Yes,No,Operational
RE-02094,Canada,2023,Solar CSP,39.59,24.99,86667.42,3940.53,156.01,27.0,63765.51,128,Yes,Yes,Operational
RE-02095,Sweden,2012,Biomass,794.6,57.53,4004488.41,1961.64,1558.72,45.04,2341451.69,373,Yes,Yes,Operational
RE-02096,Italy,2022,Biogas,630.6,67.02,3702222.33,2415.36,1523.13,45.93,976119.17,1777,Yes,No,Planned
RE-02097,Germany,2018,Solar PV,1322.77,21.1,2444955.16,1129.85,1494.53,45.32,875173.41,1564,Yes,Yes,Planned
RE-02098,Spain,2017,Hydroelectric,40.91,32.13,115144.8,4742.45,194.01,33.66,65696.09,43,Yes,Yes,Planned
RE-02099,India,2019,Geothermal,1169.71,79.01,8095885.75,5504.14,6438.25,32.17,3713477.82,2527,Yes,No,Planned
RE-02100,Germany,2024,Hydroelectric,487.53,40.33,1722398.64,1867.69,910.55,30.32,498835.7,781,Yes,No,Planned
RE-02101,Australia,2023,Onshore Wind,480.68,35.48,1493976.51,1421.15,683.12,19.01,462194.93,1839,Yes,No,Operational
RE-02102,Argentina,2020,Biomass,572.75,60.99,3060045.17,3815.17,2185.14,75.38,2120320.53,2040,Yes,Yes,Operational
RE-02103,Norway,2012,Onshore Wind,1034.46,41.96,3802360.48,2037.76,2107.98,13.11,2553696.14,2669,Yes,No,Operational
RE-02104,Japan,2014,Biogas,459.05,64.66,2600158.35,2710.62,1244.31,46.54,791018.61,513,Yes,No,Planned
RE-02105,India,2023,Geothermal,603.93,89.66,4743396.67,4390.43,2651.51,26.45,3498466.87,2260,Yes,Yes,Planned
RE-02106,Norway,2012,Solar PV,250.71,27.08,594736.27,1164.2,291.88,22.38,386110.93,811,Yes,No,Operational
RE-02107,Mexico,2015,Biogas,1010.16,58.07,5138615.23,2680.99,2708.23,85.58,3408833.45,2433,Yes,No,Operational
RE-02108,Spain,2026,Hydroelectric,287.09,32.91,827656.35,2735.67,785.38,22.93,535646.91,1057,Yes,No,Operational
RE-02109,South Korea,2013,Biogas,154.64,84.16,1140070.41,1906.23,294.78,74.18,466154.43,360,No,Yes,Planned
RE-02110,Argentina,2020,Biomass,1207.39,55.5,5870088.7,3245.12,3918.13,96.69,3929845.26,4139,Yes,No,Operational
RE-02111,United States,2013,Geothermal,3.21,75.89,21339.96,2650.07,8.51,42.0,6879.87,8,Yes,Yes,Operational
RE-02112,Norway,2014,Solar CSP,1408.48,41.82,5159870.7,3571.79,5030.79,43.39,2869717.48,5159,Yes,Yes,Operational
RE-02113,United States,2023,Offshore Wind,207.8,39.06,711020.12,4965.98,1031.93,24.28,379369.22,631,Yes,Yes,Operational
RE-02114,Spain,2012,Solar CSP,340.03,34.6,1030617.33,4536.38,1542.51,21.36,262081.49,226,Yes,No,Construction
RE-02115,China,2012,Onshore Wind,139.68,43.8,535935.4,2154.35,300.92,19.06,176664.0,318,Yes,No,Construction
RE-02116,United States,2023,Solar PV,1167.12,17.67,1806575.71,1458.52,1702.27,27.43,1165329.17,1030,Yes,No,Operational
RE-02117,United Kingdom,2014,Solar PV,517.45,18.75,849911.62,1269.76,657.04,21.78,230086.54,743,Yes,No,Operational
RE-02118,Australia,2016,Onshore Wind,1136.47,34.27,3411742.04,2216.61,2519.11,15.04,1825673.59,1735,Yes,Yes,Operational
RE-02119,United Kingdom,2011,Hydroelectric,668.28,51.57,3018976.28,2297.61,1535.45,10.89,1982346.96,882,Yes,No,Construction
RE-02120,Poland,2018,Solar PV,1260.79,24.56,2712534.21,1430.03,1802.97,46.29,1850298.0,3336,Yes,Yes,Operational
RE-02121,Brazil,2018,Solar CSP,1457.68,36.71,4687601.51,4826.33,7035.24,34.91,3289496.54,4442,Yes,No,Operational
RE-02122,Chile,2017,Onshore Wind,428.45,28.99,1088059.06,1382.5,592.33,18.91,458747.03,1447,Yes,No,Construction
RE-02123,Brazil,2025,Biomass,789.34,75.94,5250961.21,2774.21,2189.79,71.72,3283801.0,457,Yes,Yes,Construction
RE-02124,Brazil,2019,Solar PV,549.95,18.7,900884.09,1141.3,627.66,53.07,619598.39,659,Yes,No,Operational
RE-02125,Argentina,2011,Hydroelectric,719.89,57.66,3636175.91,2875.12,2069.77,6.15,2668712.31,2721,Yes,No,Construction
RE-02126,China,2021,Geothermal,695.81,75.7,4614138.77,5363.62,3732.06,42.38,1821574.71,1839,Yes,Yes,Construction
RE-02127,Mexico,2011,Biomass,937.8,87.96,7226026.59,4139.21,3881.75,109.43,4264646.09,1932,Yes,No,Operational
RE-02128,Italy,2011,Geothermal,618.57,78.82,4270998.22,3455.35,2137.38,23.99,2004266.81,509,Yes,Yes,Planned
RE-02129,Poland,2014,Solar CSP,1279.98,35.85,4019725.99,5262.93,6736.45,41.11,2414021.37,1210,Yes,No,Planned
RE-02130,United Kingdom,2023,Hydroelectric,1007.88,41.84,3694065.65,3970.21,4001.5,23.03,1867254.05,3590,Yes,No,Construction
RE-02131,Canada,2014,Solar PV,633.11,15.1,837452.58,1237.82,783.68,55.52,258696.82,554,Yes,Yes,Construction
RE-02132,France,2013,Offshore Wind,1267.13,44.86,4979486.38,5076.52,6432.61,14.76,1882304.35,2656,Yes,No,Operational
RE-02133,Japan,2019,Offshore Wind,954.31,36.97,3090601.65,5867.93,5599.82,12.69,2124652.56,2280,Yes,Yes,Construction
RE-02134,Japan,2026,Solar CSP,863.72,25.96,1964182.2,3812.01,3292.51,30.84,1144903.24,2316,Yes,No,Planned
RE-02135,Norway,2021,Solar CSP,408.96,30.33,1086569.1,3798.27,1553.34,39.5,710713.97,1438,Yes,No,Operational
RE-02136,United States,2014,Solar CSP,159.16,33.34,464840.15,3764.94,599.23,20.85,238998.39,513,Yes,No,Planned
RE-02137,United Kingdom,2020,Solar CSP,1255.77,29.18,3209959.09,5057.44,6350.98,41.87,1904160.67,2450,Yes,Yes,Operational
RE-02138,France,2024,Onshore Wind,64.96,45.25,257494.94,1944.95,126.34,17.97,121591.26,78,Yes,No,Operational
RE-02139,United States,2021,Biomass,339.31,66.65,1981075.01,1808.23,613.55,75.72,622407.03,1185,Yes,Yes,Retired
RE-02140,Norway,2026,Solar PV,965.72,22.3,1886514.71,1481.25,1430.47,25.77,1219492.02,3192,Yes,Yes,Operational
RE-02141,Italy,2011,Geothermal,424.27,80.09,2976629.1,2797.43,1186.87,43.17,1480964.26,1146,Yes,No,Planned
RE-02142,Germany,2017,Offshore Wind,963.75,54.18,4574119.41,5098.02,4913.22,11.84,1422458.93,2435,Yes,No,Construction
RE-02143,Australia,2010,Biomass,1160.99,74.95,7622619.16,4468.09,5187.41,99.99,3545307.46,3290,Yes,No,Operational
RE-02144,Canada,2014,Hydroelectric,1099.8,43.44,4185117.33,4218.28,4639.26,19.14,2740811.11,3368,Yes,No,Planned
RE-02145,South Africa,2016,Solar PV,1189.92,21.83,2275493.54,911.58,1084.71,45.16,1102601.11,1607,Yes,No,Construction
RE-02146,Brazil,2020,Offshore Wind,1147.12,48.84,4907819.85,5473.44,6278.69,17.94,1375336.07,1298,Yes,No,Construction
RE-02147,Italy,2010,Biomass,1207.92,69.49,7353000.41,3672.89,4436.56,58.13,4667422.29,4754,Yes,No,Operational
RE-02148,Argentina,2020,Onshore Wind,1097.72,31.54,3032894.98,1162.13,1275.69,18.36,1651334.36,3436,Yes,No,Construction
RE-02149,Spain,2010,Solar CSP,468.52,33.8,1387231.5,5331.92,2498.11,26.81,1023285.01,1461,Yes,Yes,Operational
RE-02150,Canada,2024,Offshore Wind,644.18,40.47,2283728.9,6338.26,4082.98,14.18,1129593.66,1128,Yes,No,Planned
RE-02151,South Korea,2020,Solar CSP,656.69,38.05,2188865.97,2512.45,1649.9,39.8,612374.2,2320,Yes,Yes,Operational
RE-02152,Japan,2017,Biogas,817.98,62.6,4485606.0,2729.67,2232.82,30.25,2234535.23,409,Yes,No,Operational
RE-02153,Germany,2010,Geothermal,1383.26,83.91,10167674.76,4658.42,6443.81,46.17,5727402.5,2610,Yes,No,Operational
RE-02154,Australia,2021,Geothermal,764.84,75.85,5081948.79,4630.6,3541.67,18.61,2373318.41,2690,Yes,No,Operational
RE-02155,Australia,2017,Geothermal,17.95,85.0,133655.7,4392.63,78.85,15.21,42572.25,7,Yes,No,Operational
RE-02156,France,2013,Onshore Wind,299.88,37.04,973021.84,2158.32,647.24,10.79,395326.82,705,Yes,Yes,Operational
RE-02157,Italy,2016,Solar CSP,1227.53,38.68,4159323.37,3708.64,4552.47,28.43,3029846.89,2714,Yes,Yes,Operational
RE-02158,Brazil,2026,Biogas,1209.41,60.74,6435057.75,3221.9,3896.6,60.11,4266434.61,3752,Yes,Yes,Operational
RE-02159,Sweden,2023,Biogas,1071.33,69.23,6497132.21,3540.1,3792.62,53.27,1805096.86,3786,Yes,No,Operational
RE-02160,United Kingdom,2016,Hydroelectric,614.95,35.16,1894055.84,4173.13,2566.27,12.69,759261.78,1030,Yes,No,Construction
RE-02161,Poland,2021,Biomass,636.1,70.9,3950715.32,2178.87,1385.98,79.33,2720179.5,1308,Yes,No,Construction
RE-02162,Sweden,2025,Biogas,994.62,50.78,4424396.0,3381.09,3362.9,57.48,2265702.64,580,Yes,No,Operational
RE-02163,Italy,2016,Solar PV,284.62,24.12,601377.01,1366.63,388.97,56.85,319350.32,396,Yes,No,Retired
RE-02164,Canada,2013,Solar PV,583.16,24.68,1260773.26,1217.11,709.77,46.07,607193.74,793,Yes,No,Construction
RE-02165,Canada,2012,Onshore Wind,744.73,47.06,3070116.66,1791.33,1334.06,10.08,2204113.96,952,Yes,No,Operational
RE-02166,Germany,2016,Biomass,1448.46,74.12,9404723.32,2512.79,3639.68,35.05,2383106.21,2011,Yes,No,Planned
RE-02167,Spain,2022,Onshore Wind,1387.18,36.77,4468178.91,1680.67,2331.39,14.36,1948452.38,1607,Yes,Yes,Operational
RE-02168,Chile,2015,Biomass,844.7,66.83,4945133.97,4164.05,3517.37,79.91,2254315.07,2617,Yes,No,Operational
RE-02169,South Korea,2016,Offshore Wind,993.53,53.79,4681517.33,6420.97,6379.43,15.77,2734568.24,1445,Yes,Yes,Operational
RE-02170,Germany,2026,Solar PV,1017.73,23.85,2126302.58,851.08,866.17,46.95,730810.44,428,No,Yes,Operational
RE-02171,South Africa,2020,Geothermal,556.19,79.53,3874880.07,4946.36,2751.12,39.09,1973045.24,1997,Yes,Yes,Operational
RE-02172,South Africa,2019,Solar PV,1101.31,17.46,1684449.24,1062.19,1169.8,29.04,997914.29,1829,Yes,Yes,Operational
RE-02173,Norway,2025,Offshore Wind,1327.14,41.74,4852586.55,4587.35,6088.06,23.02,2840302.76,3575,No,No,Operational
RE-02174,Spain,2026,Geothermal,1093.6,82.3,7884287.33,3390.4,3707.74,41.65,3745942.2,4228,Yes,No,Operational
RE-02175,Spain,2011,Solar PV,705.17,14.47,893853.75,1410.85,994.89,49.38,246038.54,1550,Yes,No,Operational
RE-02176,United States,2010,Biogas,796.25,58.37,4071395.06,3710.14,2954.2,68.8,2416149.76,2248,Yes,No,Construction
RE-02177,Argentina,2024,Offshore Wind,837.63,43.07,3160321.03,4527.33,3792.23,15.48,1315493.59,1587,Yes,No,Construction
RE-02178,United Kingdom,2020,Offshore Wind,1417.75,56.84,7059238.12,5969.86,8463.77,8.5,3075067.64,2901,Yes,No,Construction
RE-02179,Spain,2023,Onshore Wind,1422.7,37.68,4696002.63,2275.26,3237.01,17.59,1967447.24,4736,Yes,No,Operational
RE-02180,Spain,2010,Solar PV,1426.6,19.79,2473159.47,913.27,1302.87,23.11,1264550.92,1596,Yes,No,Operational
RE-02181,France,2019,Offshore Wind,157.86,46.63,644824.63,5137.81,811.05,15.65,270014.45,239,Yes,No,Operational
RE-02182,Chile,2018,Solar PV,248.06,26.84,583234.7,1104.75,274.04,42.1,315809.39,453,Yes,No,Operational
RE-02183,Australia,2016,Onshore Wind,205.79,46.01,829431.66,2052.13,422.31,7.86,582966.02,208,Yes,No,Operational
RE-02184,China,2011,Solar PV,964.91,22.29,1884087.13,1029.03,992.92,23.72,1140489.54,1757,Yes,Yes,Planned
RE-02185,Chile,2021,Biomass,794.42,71.38,4967419.28,2709.98,2152.86,64.1,1411904.28,2281,Yes,Yes,Operational
RE-02186,Poland,2017,Solar PV,1022.06,20.73,1856007.81,1067.77,1091.33,43.07,1017860.27,3517,Yes,No,Planned
RE-02187,Canada,2024,Biomass,833.42,74.64,5449286.67,3763.51,3136.58,51.92,2344449.41,3071,Yes,No,Operational
RE-02188,Germany,2022,Hydroelectric,817.92,47.68,3416262.08,3369.5,2755.98,4.57,1614362.98,412,Yes,No,Operational
RE-02189,Norway,2025,Onshore Wind,946.14,30.0,2486455.92,1612.31,1525.47,8.26,649043.68,3497,Yes,No,Planned
RE-02190,South Korea,2010,Geothermal,88.18,74.74,577334.21,3704.0,326.62,28.64,296049.05,119,Yes,Yes,Planned
RE-02191,Argentina,2016,Solar CSP,8.7,38.64,29448.32,3840.26,33.41,36.74,20296.5,4,Yes,Yes,Planned
RE-02192,Japan,2020,Onshore Wind,547.72,40.81,1958074.9,2295.28,1257.17,9.87,503372.83,1844,Yes,Yes,Operational
RE-02193,Japan,2012,Offshore Wind,904.32,49.89,3952207.57,3823.73,3457.88,21.27,1923927.43,2661,Yes,Yes,Operational
RE-02194,India,2025,Geothermal,963.27,77.02,6499136.45,5874.98,5659.19,47.41,2036836.71,949,Yes,Yes,Planned
RE-02195,Poland,2020,Solar PV,100.19,21.1,185187.19,899.77,90.15,39.62,69169.78,340,Yes,Yes,Operational
RE-02196,Japan,2017,Geothermal,561.4,79.48,3908718.31,5946.95,3338.62,45.83,2659526.16,1047,Yes,No,Operational
RE-02197,Spain,2012,Hydroelectric,1263.36,43.67,4832973.57,3661.84,4626.22,30.57,3077340.95,1406,Yes,Yes,Operational
RE-02198,Norway,2014,Hydroelectric,1170.0,62.96,6452896.32,2935.95,3435.06,16.38,2139153.3,4615,Yes,No,Operational
RE-02199,United States,2013,Offshore Wind,860.2,43.56,3282399.33,4087.1,3515.72,9.4,940652.3,1517,Yes,No,Operational
RE-02200,India,2019,Biogas,610.07,52.08,2783266.23,2547.55,1554.18,33.53,1883853.0,2089,Yes,No,Operational
RE-02201,France,2012,Biogas,974.46,76.6,6538782.51,3459.33,3370.98,34.7,3310515.35,473,Yes,Yes,Operational
RE-02202,Germany,2011,Solar PV,1047.11,19.28,1768493.4,826.36,865.29,57.88,1216260.47,887,Yes,Yes,Planned
RE-02203,India,2016,Solar CSP,148.08,35.99,466855.37,4635.15,686.37,22.23,191751.94,280,Yes,No,Construction
RE-02204,Sweden,2021,Onshore Wind,1030.47,37.0,3339959.36,1556.2,1603.62,16.37,1029321.6,935,Yes,No,Operational
RE-02205,India,2017,Onshore Wind,714.87,44.03,2757273.61,1258.18,899.44,11.98,1737311.51,1978,Yes,No,Operational
RE-02206,South Korea,2010,Offshore Wind,1166.97,54.82,5604060.68,2862.61,3340.58,16.12,2127956.62,1617,Yes,No,Operational
RE-02207,Brazil,2020,Solar CSP,451.25,26.0,1027767.0,3581.82,1616.3,35.6,257029.71,1393,Yes,No,Operational
RE-02208,Norway,2010,Onshore Wind,1379.99,25.69,3105590.22,1554.39,2145.04,19.05,2076754.5,3616,Yes,Yes,Planned
RE-02209,China,2021,Biomass,429.19,59.36,2231760.53,3908.08,1677.31,83.98,1633021.8,799,Yes,No,Operational
RE-02210,Canada,2017,Onshore Wind,468.88,30.03,1233448.86,2160.0,1012.78,10.06,591359.52,1323,Yes,No,Planned
RE-02211,South Korea,2019,Solar PV,724.1,27.42,1739282.41,1552.53,1124.19,52.84,789990.29,1884,Yes,No,Planned
RE-02212,United Kingdom,2013,Hydroelectric,1334.45,64.7,7563288.95,2781.66,3711.99,7.8,5510515.33,1355,Yes,Yes,Operational
RE-02213,United Kingdom,2014,Biomass,446.56,85.34,3338386.1,2273.34,1015.18,49.76,1989135.52,1709,Yes,Yes,Planned
RE-02214,India,2015,Offshore Wind,1345.03,49.66,5851171.03,6282.95,8450.76,14.63,3605876.14,4051,Yes,No,Planned
RE-02215,Poland,2024,Solar PV,544.52,27.46,1309840.68,983.48,535.52,58.58,343143.64,1431,Yes,No,Planned
RE-02216,South Korea,2018,Solar PV,552.77,26.96,1305474.7,1313.02,725.8,37.06,550411.92,639,Yes,No,Operational
RE-02217,United States,2017,Biogas,1425.95,50.48,6305619.35,3640.73,5191.5,77.05,3968606.73,3264,Yes,No,Planned
RE-02218,Chile,2010,Solar CSP,832.01,29.15,2124570.82,4419.01,3676.66,37.58,715678.01,854,Yes,Yes,Operational
RE-02219,Argentina,2011,Hydroelectric,534.18,53.63,2509571.23,4337.83,2317.18,14.72,732575.08,1673,Yes,No,Planned
RE-02220,Germany,2020,Offshore Wind,1439.22,40.82,5146408.93,3190.52,4591.86,10.67,3277700.86,3361,Yes,No,Operational
RE-02221,Germany,2011,Biogas,1078.05,57.27,5408417.3,2995.69,3229.5,80.53,2642231.1,1650,Yes,Yes,Operational
RE-02222,Argentina,2026,Hydroelectric,59.85,50.48,264659.57,3083.99,184.58,16.11,198072.92,48,Yes,No,Operational
RE-02223,Spain,2025,Biomass,1008.27,72.43,6397340.06,2551.68,2572.78,65.56,4241291.14,612,Yes,No,Operational
RE-02224,India,2013,Biomass,1085.02,55.43,5268496.89,4209.17,4567.03,46.24,3848063.17,710,Yes,No,Operational
RE-02225,United States,2013,Solar PV,17.75,27.22,42324.38,733.86,13.03,45.3,22903.99,39,Yes,No,Planned
RE-02226,Australia,2013,Offshore Wind,1101.11,54.07,5215442.75,6367.45,7011.26,15.71,3668793.48,611,Yes,No,Operational
RE-02227,Spain,2017,Offshore Wind,806.25,47.38,3346330.95,6021.09,4854.5,13.88,1365706.19,2359,Yes,Yes,Operational
RE-02228,Australia,2018,Geothermal,67.29,87.0,512830.55,3422.96,230.33,31.94,343092.04,128,Yes,No,Operational
RE-02229,China,2014,Offshore Wind,807.57,45.07,3188392.96,5094.84,4114.44,14.48,1419767.01,1336,Yes,No,Operational
RE-02230,Germany,2019,Biogas,1089.11,63.59,6066869.83,3079.95,3354.4,83.74,4083604.16,2456,Yes,No,Planned
RE-02231,Australia,2012,Solar CSP,69.4,31.9,193934.14,3146.02,218.33,36.86,58308.58,29,Yes,No,Operational
RE-02232,Mexico,2021,Geothermal,35.64,81.11,253230.61,2583.1,92.06,46.03,72422.16,132,Yes,No,Operational
RE-02233,United States,2011,Solar PV,531.17,22.33,1039025.89,1217.95,646.94,33.19,401408.06,2089,Yes,No,Operational
RE-02234,France,2025,Onshore Wind,935.95,38.87,3186920.98,2007.78,1879.18,9.04,869940.77,3038,Yes,Yes,Operational
RE-02235,Spain,2022,Biogas,246.21,81.58,1759517.11,2371.67,583.93,88.87,690973.42,741,Yes,No,Planned
RE-02236,China,2015,Offshore Wind,879.46,40.75,3139408.36,3761.51,3308.1,24.85,2237437.5,790,Yes,Yes,Operational
RE-02237,Poland,2014,Hydroelectric,1256.6,33.33,3668905.07,4622.79,5809.0,34.13,1434065.05,2566,Yes,No,Operational
RE-02238,Mexico,2011,Hydroelectric,1344.08,40.58,4777946.34,2299.99,3091.37,34.44,1440333.42,826,Yes,Yes,Operational
RE-02239,Chile,2021,Geothermal,549.2,83.98,4040271.08,2222.08,1220.37,30.4,2919032.58,1751,Yes,No,Planned
RE-02240,South Korea,2010,Geothermal,1066.1,81.41,7602909.21,2478.03,2641.83,19.77,1901840.83,1805,Yes,No,Operational
RE-02241,United Kingdom,2020,Onshore Wind,833.39,30.2,2204749.91,1774.95,1479.23,19.74,1041322.99,2957,Yes,No,Construction
RE-02242,South Korea,2014,Offshore Wind,661.91,52.42,3039485.42,6065.4,4014.75,21.42,797190.16,265,Yes,No,Planned
RE-02243,Argentina,2014,Solar PV,1182.16,26.82,2777404.53,1471.59,1739.65,47.68,886419.75,3370,Yes,Yes,Planned
RE-02244,Mexico,2020,Hydroelectric,633.87,51.8,2876299.22,4909.75,3112.14,24.8,1157535.27,391,Yes,Yes,Planned
RE-02245,Spain,2016,Biomass,148.57,83.71,1089463.22,1848.75,274.67,35.26,530978.9,96,No,No,Construction
RE-02246,Sweden,2024,Solar CSP,72.68,38.39,244420.22,3913.56,284.44,17.95,97859.87,160,Yes,Yes,Operational
RE-02247,Poland,2017,Offshore Wind,3.97,48.01,16696.53,3531.24,14.02,18.15,6170.62,7,Yes,Yes,Operational
RE-02248,Japan,2015,Hydroelectric,310.43,48.62,1322156.14,3232.37,1003.42,30.35,620595.68,1178,Yes,No,Operational
RE-02249,Australia,2020,Offshore Wind,197.74,44.57,772042.61,3852.38,761.77,19.39,487929.38,740,Yes,No,Planned
RE-02250,India,2023,Solar CSP,402.31,39.31,1385377.01,4298.65,1729.39,37.22,488523.66,388,Yes,No,Operational
RE-02251,Norway,2025,Offshore Wind,20.51,36.84,66189.54,4004.02,82.12,10.85,30008.7,61,Yes,Yes,Construction
RE-02252,Argentina,2022,Biogas,1055.92,70.42,6513750.85,3651.75,3855.96,27.17,4819351.51,4087,Yes,No,Operational
RE-02253,Poland,2014,Onshore Wind,1466.76,29.02,3728726.87,1442.62,2115.98,7.11,2013928.5,5132,Yes,Yes,Construction
RE-02254,France,2020,Hydroelectric,711.09,50.48,3144474.11,4921.17,3499.39,27.19,1861414.04,1390,Yes,No,Construction
RE-02255,United States,2021,Solar PV,912.21,18.81,1503099.5,898.93,820.01,23.6,903987.62,3552,Yes,No,Operational
RE-02256,Brazil,2015,Hydroelectric,313.06,62.65,1718117.11,1849.86,579.12,20.78,753546.94,868,Yes,No,Operational
RE-02257,Poland,2025,Hydroelectric,884.21,44.51,3447601.99,4148.43,3668.08,21.15,1100789.19,2596,Yes,No,Construction
RE-02258,Germany,2018,Hydroelectric,478.41,38.78,1625220.01,3640.47,1741.64,13.3,504158.11,1539,Yes,Yes,Planned
RE-02259,France,2021,Biomass,1149.47,66.56,6702164.15,3467.08,3985.3,114.24,2622882.77,745,Yes,Yes,Operational
RE-02260,Italy,2014,Solar CSP,1440.06,26.63,3359354.69,4064.17,5852.65,43.74,1178033.01,3675,Yes,Yes,Operational
RE-02261,Canada,2015,Biogas,310.44,77.94,2119542.76,2712.15,841.96,51.33,1263589.93,1182,Yes,Yes,Planned
RE-02262,Japan,2020,Onshore Wind,713.57,28.4,1775247.99,1784.44,1273.32,15.69,738713.08,497,Yes,No,Retired
RE-02263,India,2013,Solar PV,1371.92,21.31,2561039.89,1296.9,1779.24,54.55,1354099.15,852,Yes,No,Operational
RE-02264,Poland,2023,Onshore Wind,403.59,30.54,1079725.94,2176.91,878.58,12.2,417847.97,755,No,Yes,Operational
RE-02265,Argentina,2016,Biogas,91.6,52.62,422231.3,1626.35,148.97,34.5,240753.62,101,Yes,Yes,Operational
RE-02266,South Africa,2016,Offshore Wind,895.85,50.18,3937948.76,4709.38,4218.9,24.42,1268604.33,575,Yes,Yes,Operational
RE-02267,Argentina,2010,Hydroelectric,523.02,52.78,2418197.61,3551.44,1857.47,21.36,794796.5,764,Yes,No,Operational
RE-02268,United Kingdom,2014,Geothermal,502.83,89.97,3962990.28,3651.59,1836.13,18.19,2897024.04,437,Yes,Yes,Operational
RE-02269,Poland,2018,Offshore Wind,45.64,51.88,207419.56,3764.15,171.8,17.2,134027.01,115,Yes,Yes,Planned
RE-02270,Poland,2013,Offshore Wind,947.67,45.13,3746507.21,4179.03,3960.34,8.79,1253190.98,1830,Yes,Yes,Operational
RE-02271,Sweden,2017,Solar PV,632.64,26.55,1471381.46,1239.58,784.21,20.06,928375.41,1352,Yes,Yes,Operational
RE-02272,Argentina,2023,Hydroelectric,56.03,45.31,222391.81,2707.56,151.7,4.05,110411.42,85,Yes,Yes,Operational
RE-02273,Norway,2017,Geothermal,699.57,87.92,5387942.63,5966.89,4174.26,16.11,2413869.82,2437,No,No,Construction
RE-02274,Canada,2021,Geothermal,413.61,84.6,3065247.17,4185.09,1731.0,45.5,2289215.01,473,Yes,No,Planned
RE-02275,Norway,2023,Geothermal,930.97,94.83,7733668.33,3560.03,3314.28,19.65,2446004.26,1832,Yes,No,Operational
RE-02276,India,2011,Biomass,230.56,72.16,1457419.56,2299.85,530.25,74.83,678060.1,594,Yes,No,Planned
RE-02277,India,2014,Geothermal,182.64,71.62,1145867.29,2952.38,539.22,23.88,795622.28,681,Yes,No,Operational
RE-02278,South Korea,2020,Solar CSP,1482.99,41.29,5363980.76,4725.72,7008.2,26.15,1949821.72,5893,Yes,No,Operational
RE-02279,Spain,2018,Hydroelectric,166.46,58.32,850416.17,3416.34,568.68,17.0,367016.06,414,Yes,No,Operational
RE-02280,Japan,2015,Biomass,793.39,76.06,5286243.32,3621.31,2873.11,68.97,2606258.37,2295,Yes,No,Operational
RE-02281,France,2019,Onshore Wind,1256.6,25.53,2810295.42,1412.44,1774.87,14.3,851663.46,1432,Yes,No,Operational
RE-02282,Mexico,2015,Geothermal,586.12,94.12,4832507.82,4274.22,2505.21,27.49,2201995.87,1434,Yes,Yes,Operational
RE-02283,Chile,2018,Solar CSP,967.63,37.96,3217656.17,4278.39,4139.9,35.77,1583053.47,2361,Yes,No,Operational
RE-02284,Norway,2017,Geothermal,841.87,91.33,6735387.67,2631.7,2215.55,50.37,2145271.66,774,Yes,Yes,Operational
RE-02285,China,2017,Hydroelectric,1401.47,57.37,7043244.45,2871.98,4024.99,29.22,2555952.87,3666,Yes,No,Planned
RE-02286,Poland,2026,Biomass,1392.59,59.78,7292615.05,2760.41,3844.12,101.55,2946419.61,2777,Yes,No,Operational
RE-02287,France,2012,Offshore Wind,452.55,41.97,1663832.66,3305.7,1495.99,22.19,651079.87,1488,Yes,No,Operational
RE-02288,Norway,2013,Biogas,1486.78,78.29,10196640.54,2151.28,3198.48,41.73,3887115.42,5641,Yes,No,Operational
RE-02289,France,2016,Solar CSP,612.92,27.59,1481356.54,4299.78,2635.42,27.76,696986.82,1361,Yes,No,Operational
RE-02290,Chile,2016,Onshore Wind,47.22,43.61,180391.54,2212.13,104.46,10.14,77571.28,79,Yes,Yes,Retired
RE-02291,Canada,2011,Biogas,1460.68,52.41,6706151.32,2362.03,3450.17,41.3,2547111.22,5814,Yes,No,Operational
RE-02292,Canada,2015,Offshore Wind,37.25,45.65,148960.52,6197.83,230.87,8.29,91251.46,49,Yes,No,Construction
RE-02293,Japan,2019,Solar PV,304.18,14.1,375710.97,1363.55,414.76,43.98,173305.37,355,Yes,No,Construction
RE-02294,Chile,2020,Biomass,725.5,72.17,4586677.75,3396.46,2464.13,111.6,2399784.43,466,Yes,No,Operational
RE-02295,Brazil,2023,Solar PV,285.67,16.29,407652.23,907.93,259.37,55.04,240705.33,649,Yes,No,Operational
RE-02296,China,2022,Onshore Wind,1370.43,32.21,3866799.81,1527.33,2093.1,14.1,1756235.88,4304,Yes,Yes,Operational
RE-02297,Japan,2021,Biogas,81.1,61.98,440328.23,1638.63,132.89,78.36,135883.08,54,Yes,No,Operational
RE-02298,Japan,2013,Biomass,275.09,57.79,1392616.72,2416.7,664.81,114.23,925478.05,393,Yes,Yes,Operational
RE-02299,Brazil,2013,Solar CSP,1332.39,20.44,2385702.92,5140.37,6848.98,16.24,1582716.86,2575,Yes,Yes,Planned
RE-02300,China,2026,Solar PV,1472.67,27.31,3523150.91,916.87,1350.25,36.37,2107954.57,2264,Yes,Yes,Construction
RE-02301,South Korea,2015,Offshore Wind,83.71,57.26,419887.35,5922.44,495.77,13.16,132185.74,255,Yes,No,Operational
RE-02302,Argentina,2011,Solar CSP,93.36,27.04,221142.21,4292.35,400.73,19.67,160668.97,280,Yes,No,Operational
RE-02303,United Kingdom,2016,Solar CSP,840.42,22.38,1647633.32,3145.94,2643.91,19.49,555235.29,2318,Yes,No,Operational
RE-02304,Argentina,2023,Biogas,1308.58,52.35,6000964.68,1845.83,2415.42,86.6,3451110.38,4899,Yes,No,Operational
RE-02305,China,2015,Hydroelectric,1348.59,44.39,5244078.52,3945.72,5321.16,31.51,3594485.26,582,Yes,No,Operational
RE-02306,Canada,2011,Solar CSP,38.55,40.98,138388.64,3921.55,151.18,38.59,49820.01,48,Yes,No,Operational
RE-02307,Italy,2015,Solar CSP,826.39,20.88,1511540.03,3636.29,3004.99,31.69,381532.96,2228,Yes,No,Planned
RE-02308,Sweden,2015,Solar PV,842.79,18.92,1396833.4,1082.15,912.03,23.48,843059.89,412,Yes,No,Construction
RE-02309,Poland,2015,Hydroelectric,664.74,50.56,2944170.69,4754.16,3160.28,24.83,1110591.83,2293,Yes,Yes,Operational
RE-02310,Norway,2013,Solar PV,796.96,26.98,1883573.52,1210.74,964.91,29.31,976088.39,2428,Yes,No,Operational
RE-02311,Germany,2019,Hydroelectric,466.53,59.9,2447994.88,2464.59,1149.81,5.02,1519583.29,1601,Yes,No,Operational
RE-02312,France,2017,Geothermal,887.08,80.76,6275714.88,4310.13,3823.43,53.66,2314165.76,829,Yes,No,Construction
RE-02313,Argentina,2026,Biomass,1033.32,87.58,7927639.31,2465.11,2547.25,52.76,3196958.3,3341,Yes,No,Operational
RE-02314,Norway,2017,Solar CSP,1335.36,23.05,2696332.2,4140.26,5528.74,17.65,972692.96,2020,Yes,No,Construction
RE-02315,Brazil,2023,Offshore Wind,281.66,52.1,1285484.97,5267.98,1483.78,9.36,542921.57,140,Yes,Yes,Planned
RE-02316,South Korea,2011,Solar PV,867.22,25.76,1956947.84,1599.64,1387.24,36.41,1000416.61,2379,No,No,Operational
RE-02317,Chile,2022,Biogas,378.65,58.92,1954361.08,2913.37,1103.15,70.26,644184.6,580,Yes,No,Operational
RE-02318,Poland,2017,Geothermal,121.52,93.86,999153.97,5648.62,686.42,22.6,581059.13,395,Yes,No,Planned
RE-02319,United Kingdom,2018,Biogas,1385.75,51.67,6272309.14,3806.11,5274.32,88.52,2057135.82,2704,Yes,Yes,Operational
RE-02320,China,2022,Hydroelectric,615.6,51.17,2759422.08,3592.02,2211.25,34.17,885127.71,2348,Yes,No,Operational
RE-02321,Australia,2020,Biogas,1260.32,77.54,8560728.64,1623.85,2046.57,54.39,2633908.16,1197,No,No,Operational
RE-02322,Chile,2016,Geothermal,568.93,73.13,3644672.54,5422.28,3084.9,22.78,1147253.76,1713,Yes,No,Operational
RE-02323,Germany,2011,Hydroelectric,834.13,46.81,3420396.78,3938.93,3285.58,10.79,1465005.78,2314,Yes,Yes,Operational
RE-02324,United States,2012,Solar PV,1481.09,21.29,2762238.77,1180.32,1748.16,30.2,701176.69,4595,Yes,No,Operational
RE-02325,Chile,2012,Solar PV,1068.5,19.28,1804619.57,757.4,809.28,32.04,530302.73,3649,Yes,No,Construction
RE-02326,Norway,2018,Biogas,1188.18,67.88,7065260.48,3900.03,4633.94,43.85,3900677.07,3931,Yes,No,Operational
RE-02327,Norway,2021,Offshore Wind,436.01,49.94,1907432.13,3481.64,1518.03,15.16,1354502.92,1447,Yes,No,Operational
RE-02328,Canada,2022,Offshore Wind,1359.86,46.3,5515428.98,3130.74,4257.37,20.18,1583428.65,2483,Yes,Yes,Operational
RE-02329,United States,2022,Solar CSP,731.3,38.06,2438195.15,5252.16,3840.9,39.22,1775605.44,2738,Yes,Yes,Construction
RE-02330,Japan,2010,Biomass,1234.86,76.24,8247165.63,4040.64,4989.62,95.11,4805482.64,700,Yes,Yes,Operational
RE-02331,Australia,2019,Solar CSP,72.17,40.09,253452.67,3851.02,277.93,36.0,82092.71,249,Yes,No,Operational
RE-02332,Poland,2020,Offshore Wind,1117.04,53.55,5240012.3,3932.81,4393.11,23.67,2237214.55,1541,Yes,No,Operational
RE-02333,Japan,2024,Geothermal,842.17,94.19,6948781.73,2519.03,2121.45,39.56,2070821.37,1728,Yes,No,Operational
RE-02334,Brazil,2018,Offshore Wind,629.85,40.57,2238444.07,5303.51,3340.42,16.8,1485181.92,2476,Yes,No,Planned
RE-02335,India,2012,Offshore Wind,1254.06,46.07,5061050.07,5423.9,6801.9,19.94,3507220.66,3937,Yes,No,Construction
RE-02336,China,2013,Biomass,1288.46,59.08,6668306.19,2708.31,3489.55,106.05,4741105.66,4022,Yes,Yes,Operational
RE-02337,South Africa,2016,Solar PV,1328.56,23.08,2686093.24,1052.86,1398.79,39.94,1925348.04,3464,Yes,No,Operational
RE-02338,India,2011,Solar CSP,403.16,30.84,1089170.61,3823.14,1541.34,29.01,580950.29,1152,Yes,Yes,Planned
RE-02339,Canada,2025,Hydroelectric,67.94,32.57,193841.79,4788.25,325.31,8.59,143374.03,229,Yes,No,Operational
RE-02340,Italy,2019,Solar PV,355.12,23.61,734471.97,1456.03,517.07,46.28,200737.31,902,Yes,Yes,Construction
RE-02341,Sweden,2020,Geothermal,15.31,93.76,125746.79,3893.2,59.6,24.3,36856.24,26,Yes,No,Construction
RE-02342,Mexico,2019,Onshore Wind,1062.4,41.64,3875278.23,1768.55,1878.91,19.94,1518100.09,648,Yes,Yes,Operational
RE-02343,South Africa,2011,Onshore Wind,849.13,45.72,3400826.79,2135.92,1813.67,15.74,1975424.13,2572,Yes,Yes,Operational
RE-02344,Poland,2025,Offshore Wind,709.3,37.73,2344341.48,3792.6,2690.09,21.38,885696.96,1370,Yes,Yes,Construction
RE-02345,Norway,2011,Offshore Wind,428.25,57.56,2159346.13,4560.8,1953.16,18.31,1231679.8,473,Yes,Yes,Operational
RE-02346,Norway,2021,Onshore Wind,163.6,27.97,400848.14,1845.29,301.89,12.84,222858.23,81,Yes,No,Operational
RE-02347,India,2024,Biomass,600.09,57.6,3027910.12,2819.37,1691.88,72.94,2067362.71,963,Yes,Yes,Construction
RE-02348,United Kingdom,2023,Onshore Wind,1427.23,29.36,3670744.22,2041.12,2913.15,14.15,2713979.09,5678,Yes,Yes,Operational
RE-02349,Germany,2024,Hydroelectric,958.09,60.76,5099506.84,4357.97,4175.33,13.7,1772245.33,1495,Yes,Yes,Construction
RE-02350,United States,2021,Geothermal,614.55,81.56,4390748.34,4111.5,2526.72,20.56,2739366.33,2124,Yes,No,Operational
RE-02351,Sweden,2012,Geothermal,101.88,88.04,785729.53,2816.01,286.9,52.53,431503.2,335,Yes,No,Operational
RE-02352,China,2011,Offshore Wind,357.99,55.34,1735458.19,5450.31,1951.16,20.69,640525.52,259,Yes,No,Operational
RE-02353,Canada,2026,Biogas,1441.61,51.02,6443062.54,3340.14,4815.18,41.95,2708984.95,1823,Yes,Yes,Operational
RE-02354,France,2017,Biomass,783.21,57.89,3971786.36,4041.08,3165.01,114.39,1792993.61,2730,Yes,No,Planned
RE-02355,France,2018,Offshore Wind,822.03,41.32,2975446.09,5435.08,4467.8,10.7,1105618.59,1749,Yes,Yes,Planned
RE-02356,Poland,2024,Offshore Wind,566.71,54.45,2703104.69,5853.09,3317.0,9.89,1442492.39,850,Yes,No,Operational
RE-02357,Canada,2018,Solar CSP,438.31,31.75,1219071.6,2829.53,1240.21,39.53,636153.28,508,Yes,No,Operational
RE-02358,United States,2026,Biomass,375.31,57.55,1892080.33,3777.44,1417.71,94.99,557499.55,297,Yes,Yes,Operational
RE-02359,Mexico,2021,Onshore Wind,92.02,46.8,377252.55,1129.91,103.97,18.04,162389.5,86,No,No,Operational
RE-02360,Australia,2017,Offshore Wind,216.2,36.26,686732.49,2968.08,641.7,22.05,224224.75,225,No,No,Operational
RE-02361,Brazil,2019,Onshore Wind,365.4,36.37,1164168.78,1535.01,560.89,15.09,732732.88,604,Yes,No,Planned
RE-02362,China,2025,Solar CSP,1461.88,38.15,4885515.25,5405.72,7902.51,33.8,1781621.29,3785,Yes,Yes,Operational
RE-02363,Japan,2016,Onshore Wind,1063.62,33.35,3107323.29,1104.09,1174.33,18.92,1692565.51,1232,Yes,No,Operational
RE-02364,Australia,2013,Onshore Wind,397.2,43.38,1509394.95,1113.59,442.32,13.28,655994.01,637,No,No,Operational
RE-02365,United States,2022,Solar CSP,195.22,40.37,690378.35,3779.16,737.77,20.72,266769.27,187,Yes,Yes,Planned
RE-02366,Chile,2012,Biogas,142.13,73.39,913748.65,1617.77,229.93,79.11,485524.72,183,Yes,Yes,Operational
RE-02367,Brazil,2019,Hydroelectric,1157.75,46.31,4696709.26,4317.24,4998.28,6.15,3337817.25,1236,Yes,Yes,Operational
RE-02368,Australia,2013,Biomass,1252.24,78.84,8648450.3,2825.58,3538.3,85.05,3165860.24,3421,Yes,No,Construction
RE-02369,Spain,2016,Hydroelectric,989.56,41.38,3587044.17,2298.09,2274.1,11.29,1384039.53,1203,Yes,No,Retired
RE-02370,South Korea,2022,Geothermal,131.49,81.51,938874.89,5652.21,743.21,23.81,412351.99,500,Yes,No,Planned
RE-02371,Brazil,2012,Biogas,1049.21,78.1,7178233.17,2143.55,2249.03,27.82,2434698.1,3220,Yes,Yes,Construction
RE-02372,United States,2020,Geothermal,1402.69,83.86,10304351.51,5043.86,7074.97,26.35,2998331.21,878,Yes,Yes,Planned
RE-02373,Brazil,2014,Solar PV,812.37,18.19,1294466.1,745.08,605.28,41.69,561228.99,1597,Yes,No,Construction
RE-02374,Canada,2023,Hydroelectric,525.79,33.15,1526862.61,1822.19,958.09,5.59,833830.96,369,Yes,No,Operational
RE-02375,Norway,2019,Offshore Wind,16.37,37.51,53789.79,6456.52,105.69,15.77,14179.29,56,Yes,No,Planned
RE-02376,India,2010,Biogas,742.29,79.14,5146047.16,2865.59,2127.1,41.87,1296976.57,1255,Yes,Yes,Operational
RE-02377,India,2026,Offshore Wind,159.17,41.3,575857.96,5871.29,934.53,14.83,362446.07,374,Yes,No,Construction
RE-02378,United States,2024,Hydroelectric,283.3,43.53,1080287.49,3958.7,1121.5,19.8,658290.54,854,Yes,No,Planned
RE-02379,France,2014,Hydroelectric,727.3,40.79,2598791.27,4701.25,3419.22,15.87,1164327.53,2678,Yes,No,Planned
RE-02380,United Kingdom,2014,Hydroelectric,790.98,51.94,3598914.71,3433.33,2715.7,34.97,1811680.79,2148,Yes,Yes,Operational
RE-02381,Chile,2026,Geothermal,1098.66,79.83,7683048.04,2267.14,2490.82,21.66,1958208.39,2007,Yes,No,Planned
RE-02382,South Africa,2018,Hydroelectric,1249.92,45.54,4986310.86,3551.71,4439.35,19.6,1634679.06,4344,Yes,No,Operational
RE-02383,India,2012,Onshore Wind,1309.67,29.13,3342000.19,1195.83,1566.14,15.13,2012457.7,1087,Yes,No,Operational
RE-02384,China,2021,Solar CSP,479.78,35.47,1490758.98,4171.66,2001.48,40.3,951030.51,682,Yes,No,Operational
RE-02385,Japan,2021,Solar PV,714.4,15.2,951237.89,1319.71,942.8,39.31,646889.96,822,Yes,Yes,Construction
RE-02386,Germany,2015,Solar PV,178.25,29.71,463912.74,797.4,142.14,34.2,319312.13,490,Yes,No,Operational
RE-02387,Norway,2010,Hydroelectric,10.24,62.94,56458.69,2699.78,27.65,29.17,15344.34,9,No,Yes,Operational
RE-02388,India,2025,Biomass,794.72,68.4,4761835.08,2325.06,1847.77,115.36,1600615.99,1076,Yes,Yes,Operational
RE-02389,Japan,2015,Hydroelectric,912.16,42.88,3426335.66,2172.56,1981.72,31.05,1729703.45,1421,Yes,No,Construction
RE-02390,China,2020,Solar PV,233.32,29.55,603967.49,890.2,207.7,30.67,305707.07,97,Yes,Yes,Construction
RE-02391,United States,2022,Offshore Wind,923.99,44.7,3618086.12,3947.87,3647.79,22.07,1821875.72,2021,Yes,No,Construction
RE-02392,Japan,2017,Solar PV,1489.3,20.84,2718842.25,1107.88,1649.97,50.64,1116393.3,3493,Yes,Yes,Operational
RE-02393,South Korea,2016,Biomass,866.95,63.92,4854392.89,2362.05,2047.78,47.71,3177952.33,3111,Yes,Yes,Operational
RE-02394,Spain,2015,Biogas,782.62,75.65,5186375.78,2134.91,1670.82,85.51,2100300.13,1940,Yes,No,Construction
RE-02395,France,2022,Hydroelectric,1185.24,58.39,6062459.93,3055.88,3621.95,15.27,3951202.5,2947,Yes,Yes,Operational
RE-02396,South Africa,2012,Hydroelectric,437.01,39.52,1512907.64,2218.51,969.51,18.92,596486.83,1255,Yes,Yes,Operational
RE-02397,Argentina,2010,Solar CSP,1221.4,39.93,4272295.98,4791.67,5852.55,40.95,1253056.18,4437,Yes,No,Operational
RE-02398,Argentina,2019,Offshore Wind,178.08,44.49,694035.46,4628.18,824.19,24.71,186449.32,449,Yes,Yes,Operational
RE-02399,Chile,2017,Offshore Wind,741.91,40.37,2623699.43,2926.17,2170.95,13.0,1753105.9,2454,Yes,No,Operational
RE-02400,Mexico,2026,Solar CSP,34.2,23.79,71272.94,4941.86,169.01,39.42,37078.04,54,Yes,Yes,Operational
RE-02401,Italy,2011,Offshore Wind,1277.14,51.44,5754976.75,5110.97,6527.42,20.37,1851602.46,2280,Yes,No,Operational
RE-02402,South Africa,2014,Biomass,593.15,65.53,3404934.87,2123.98,1259.84,36.07,1878967.92,1545,Yes,Yes,Operational
RE-02403,Sweden,2017,Biogas,456.18,57.64,2303373.25,3662.33,1670.68,88.95,985362.04,1328,Yes,No,Operational
RE-02404,Poland,2018,Biomass,810.27,63.02,4473137.67,3912.05,3169.82,97.25,1332530.6,1965,No,No,Construction
RE-02405,Sweden,2013,Offshore Wind,521.49,38.46,1756949.87,5841.14,3046.1,21.24,1238964.42,327,No,No,Planned
RE-02406,France,2021,Biogas,470.79,55.4,2284762.7,1675.79,788.95,27.73,1361223.58,758,Yes,Yes,Construction
RE-02407,Sweden,2025,Solar PV,612.56,26.44,1418777.17,1576.22,965.53,48.33,867586.8,1603,Yes,No,Operational
RE-02408,Brazil,2025,Biogas,1109.32,79.03,7679853.42,3672.64,4074.13,84.92,4780369.28,2550,No,Yes,Operational
RE-02409,Brazil,2017,Solar CSP,873.75,34.96,2675855.88,4946.27,4321.8,15.8,1742044.18,2237,Yes,No,Construction
RE-02410,Italy,2025,Biogas,234.71,51.74,1063805.24,1867.36,438.29,57.17,606160.89,575,Yes,Yes,Operational
RE-02411,Brazil,2022,Hydroelectric,1171.99,54.58,5603527.96,4185.38,4905.22,33.87,4046359.86,3187,Yes,No,Operational
RE-02412,Mexico,2011,Onshore Wind,323.67,46.54,1319571.52,1186.09,383.9,17.24,925052.18,931,Yes,No,Construction
RE-02413,United Kingdom,2014,Geothermal,944.85,73.41,6076062.01,4889.06,4619.43,51.12,3103899.36,3616,Yes,No,Operational
RE-02414,Australia,2024,Offshore Wind,1365.73,43.08,5154002.8,5735.72,7833.44,11.82,1366823.72,1568,Yes,Yes,Operational
RE-02415,France,2026,Offshore Wind,741.27,53.93,3501958.14,3564.5,2642.26,9.5,2242212.84,1227,No,Yes,Operational
RE-02416,Norway,2024,Offshore Wind,134.51,51.48,606592.75,4471.4,601.45,10.98,282229.97,276,Yes,No,Construction
RE-02417,Mexico,2016,Biogas,1454.5,77.68,9897535.06,1667.08,2424.77,32.58,3553270.32,1019,Yes,No,Operational
RE-02418,Chile,2012,Offshore Wind,1456.13,46.82,5972218.18,3070.32,4470.79,9.37,3509552.16,3176,Yes,No,Construction
RE-02419,Spain,2024,Solar CSP,1114.29,34.84,3400795.25,2904.1,3236.01,29.48,1586628.6,2614,Yes,No,Operational
RE-02420,Germany,2026,Offshore Wind,1352.75,43.59,5165454.23,5504.45,7446.14,18.43,2287065.63,4474,No,No,Planned
RE-02421,Japan,2017,Hydroelectric,1370.7,60.67,7284848.32,4239.64,5811.27,29.89,4480668.49,3076,Yes,No,Operational
RE-02422,India,2024,Hydroelectric,758.17,42.36,2813368.71,2271.13,1721.9,11.92,1603902.01,1312,Yes,Yes,Operational
RE-02423,France,2013,Onshore Wind,430.19,41.21,1552984.18,2070.15,890.56,19.47,479940.65,654,Yes,Yes,Operational
RE-02424,Poland,2017,Solar PV,538.75,22.71,1071787.09,1276.21,687.56,53.56,478486.07,756,Yes,Yes,Operational
RE-02425,Mexico,2017,Offshore Wind,327.9,35.17,1010224.49,5313.67,1742.35,21.87,327251.4,796,Yes,No,Operational
RE-02426,Australia,2022,Biogas,1.65,60.32,8718.65,3943.44,6.51,68.59,3103.17,5,Yes,No,Operational
RE-02427,Mexico,2014,Offshore Wind,1414.73,38.71,4797343.77,3954.06,5593.93,10.47,1452649.87,3224,Yes,Yes,Operational
RE-02428,United States,2018,Offshore Wind,268.53,52.1,1225560.18,2854.65,766.56,13.18,652480.93,826,Yes,No,Operational
RE-02429,Sweden,2010,Solar CSP,58.29,22.15,113102.42,5425.71,316.26,32.1,73480.86,230,Yes,No,Operational
RE-02430,Mexico,2023,Biomass,822.65,85.22,6141306.01,3918.25,3223.35,69.16,4160324.23,1703,Yes,Yes,Operational
RE-02431,Spain,2015,Hydroelectric,1312.87,64.64,7434079.11,2644.53,3471.92,9.13,2122737.09,4087,Yes,Yes,Operational
RE-02432,Australia,2021,Hydroelectric,865.52,37.67,2856122.52,2463.88,2132.54,11.47,805080.8,501,Yes,Yes,Operational
RE-02433,India,2019,Biomass,480.78,70.8,2981836.02,4135.53,1988.28,55.75,1925162.3,649,Yes,No,Operational
RE-02434,China,2014,Solar CSP,199.87,33.27,582511.52,2538.96,507.46,22.01,323191.14,120,Yes,No,Construction
RE-02435,Canada,2021,Onshore Wind,223.12,26.73,522446.19,1589.27,354.6,10.13,210465.2,364,Yes,Yes,Operational
RE-02436,Argentina,2024,Offshore Wind,355.1,53.14,1653013.23,3729.8,1324.45,10.57,1117293.14,631,Yes,No,Construction
RE-02437,Poland,2026,Onshore Wind,1316.82,40.97,4726030.11,1309.29,1724.1,13.28,1462206.99,3131,Yes,No,Operational
RE-02438,Brazil,2017,Biogas,1283.94,68.79,7737027.58,2675.6,3435.31,57.48,2504365.87,1034,Yes,No,Construction
RE-02439,United States,2024,Biomass,1267.31,56.06,6223576.92,3881.58,4919.17,100.63,2644948.51,2376,No,No,Operational
RE-02440,China,2023,Geothermal,699.63,91.65,5617007.44,4668.97,3266.55,52.47,4205004.56,1111,No,No,Operational
RE-02441,Brazil,2010,Solar CSP,1026.07,24.89,2237206.09,3194.14,3277.41,31.57,593895.35,1948,Yes,No,Operational
RE-02442,South Korea,2021,Biomass,586.64,81.8,4203674.52,3754.31,2202.43,109.62,2137274.02,1261,Yes,No,Operational
RE-02443,Mexico,2020,Hydroelectric,197.4,48.9,845590.54,3252.9,642.12,22.48,490675.09,335,Yes,No,Planned
RE-02444,Argentina,2012,Hydroelectric,390.06,53.74,1836255.82,4276.85,1668.23,4.34,851504.86,588,Yes,Yes,Planned
RE-02445,United Kingdom,2021,Solar CSP,1264.55,41.79,4629269.7,3929.67,4969.26,35.98,2800617.76,4350,Yes,No,Operational
RE-02446,South Africa,2018,Hydroelectric,383.78,47.24,1588167.61,4842.12,1858.31,24.98,862026.68,603,Yes,Yes,Operational
RE-02447,China,2017,Geothermal,337.23,79.61,2351786.71,5775.58,1947.7,48.94,1094059.76,1324,Yes,No,Planned
RE-02448,Argentina,2012,Offshore Wind,333.93,57.09,1670011.98,5516.79,1842.22,20.98,1035649.91,954,Yes,No,Operational
RE-02449,France,2012,Hydroelectric,1474.52,30.98,4001623.15,1901.24,2803.42,13.61,2689495.05,5781,Yes,No,Construction
RE-02450,Chile,2020,Solar PV,494.48,23.51,1018369.69,731.87,361.9,50.33,394824.43,1672,Yes,No,Construction
RE-02451,Brazil,2011,Solar CSP,390.7,31.48,1077413.07,4831.47,1887.66,40.47,475195.0,1272,Yes,Yes,Planned
RE-02452,Italy,2014,Solar CSP,722.54,36.35,2300755.22,2530.28,1828.23,18.55,689769.55,605,Yes,Yes,Planned
RE-02453,Germany,2024,Biomass,1387.48,61.47,7471263.45,3157.7,4381.25,39.14,2764024.27,3627,Yes,No,Operational
RE-02454,Australia,2020,Offshore Wind,64.56,57.58,325641.16,5159.24,333.08,8.74,145501.16,85,Yes,Yes,Planned
RE-02455,United Kingdom,2015,Solar PV,1483.73,18.33,2382437.13,1316.46,1953.27,52.01,853459.76,998,Yes,No,Operational
RE-02456,South Korea,2017,Hydroelectric,1373.73,57.27,6891800.1,1824.31,2506.11,6.7,5161053.22,4179,Yes,No,Operational
RE-02457,Poland,2022,Biomass,982.36,82.99,7141682.54,3900.34,3831.54,76.22,2038837.72,3609,Yes,No,Operational
RE-02458,Germany,2024,Biomass,1462.04,77.05,9868155.94,4173.83,6102.31,110.46,5113916.9,1989,Yes,No,Operational
RE-02459,United States,2019,Biomass,15.37,56.51,76085.74,3464.24,53.25,102.53,36408.49,16,Yes,Yes,Operational
RE-02460,India,2016,Offshore Wind,624.33,48.83,2670576.57,6068.86,3788.97,11.62,848019.1,386,Yes,No,Construction
RE-02461,South Africa,2026,Solar PV,1062.46,18.62,1732991.26,930.03,988.12,46.67,1018835.68,2428,Yes,Yes,Construction
RE-02462,India,2021,Hydroelectric,1220.3,40.77,4358242.88,4544.75,5545.96,13.39,1753927.38,4028,No,No,Operational
RE-02463,Norway,2014,Onshore Wind,1140.08,43.54,4348383.69,1755.55,2001.47,7.21,2178208.82,583,Yes,Yes,Construction
RE-02464,Norway,2016,Onshore Wind,645.11,33.56,1896530.5,2289.07,1476.7,14.19,1317045.17,1215,Yes,No,Operational
RE-02465,Germany,2014,Onshore Wind,1375.12,34.71,4181184.37,1453.65,1998.94,19.97,1258974.07,3577,Yes,No,Operational
RE-02466,Japan,2025,Biomass,1204.3,62.83,6628356.4,2719.42,3275.0,78.57,2035381.69,4039,No,Yes,Planned
RE-02467,China,2023,Solar CSP,1092.01,41.32,3952674.34,3473.95,3793.59,42.47,1182647.27,2315,Yes,No,Operational
RE-02468,Spain,2021,Hydroelectric,872.58,34.71,2653163.26,2440.08,2129.17,9.6,1926107.11,2777,Yes,No,Construction
RE-02469,Australia,2014,Geothermal,130.83,83.87,961209.58,3199.56,418.6,49.94,353750.62,322,Yes,No,Operational
RE-02470,United States,2010,Offshore Wind,992.49,37.97,3301192.45,3186.66,3162.73,19.25,994999.77,857,Yes,No,Planned
RE-02471,Spain,2014,Solar PV,602.0,25.32,1335255.26,1444.32,869.48,33.96,755138.54,1593,Yes,No,Operational
RE-02472,United Kingdom,2015,Onshore Wind,858.96,28.7,2159528.52,1413.95,1214.53,12.8,1488436.98,2731,Yes,Yes,Retired
RE-02473,France,2021,Biogas,1028.62,51.93,4679262.33,1851.93,1904.93,44.14,3139811.05,3783,Yes,No,Planned
RE-02474,Spain,2013,Solar CSP,388.91,41.04,1398171.9,3329.75,1294.97,22.58,493332.99,901,Yes,No,Planned
RE-02475,Poland,2018,Biomass,1448.06,84.89,10768301.25,3939.21,5704.21,86.68,7433777.61,3472,No,No,Planned
RE-02476,Germany,2014,Solar CSP,504.25,36.85,1627749.25,4403.34,2220.38,28.19,1121998.67,1139,Yes,No,Operational
RE-02477,France,2018,Geothermal,288.93,76.05,1924845.88,5923.3,1711.42,19.54,1210446.27,778,No,Yes,Operational
RE-02478,China,2025,Solar CSP,1145.59,27.03,2712560.08,5017.82,5748.36,43.86,1321043.65,3148,Yes,No,Operational
RE-02479,Argentina,2013,Offshore Wind,1034.41,38.81,3516741.6,2819.17,2916.18,15.47,1013560.59,2508,Yes,Yes,Operational
RE-02480,Poland,2020,Hydroelectric,440.01,54.95,2118040.94,3815.44,1678.83,15.58,552515.52,683,Yes,Yes,Planned
RE-02481,Japan,2012,Biomass,405.82,82.47,2931794.65,4297.93,1744.19,74.8,1524604.73,239,Yes,No,Operational
RE-02482,France,2023,Biomass,1103.23,57.67,5573398.81,3168.4,3495.47,37.94,3545386.53,1279,Yes,No,Operational
RE-02483,China,2016,Biomass,775.02,66.15,4491039.39,2771.8,2148.2,51.63,1897945.69,2574,Yes,No,Construction
RE-02484,United States,2019,Solar CSP,841.99,38.33,2827156.56,3597.35,3028.93,23.48,1161080.41,1619,Yes,Yes,Construction
RE-02485,Poland,2018,Solar CSP,371.76,40.48,1318278.8,3386.63,1259.01,18.88,460968.06,545,Yes,No,Planned
RE-02486,United Kingdom,2019,Hydroelectric,1163.19,50.99,5195648.69,4505.42,5240.66,12.59,2884197.44,769,Yes,No,Operational
RE-02487,Japan,2017,Geothermal,348.44,91.92,2805705.78,3661.23,1275.72,22.16,1554351.02,397,Yes,No,Construction
RE-02488,Mexico,2022,Onshore Wind,469.52,43.32,1781749.52,1457.69,684.41,16.62,865745.36,1682,Yes,No,Operational
RE-02489,Spain,2022,Biogas,293.6,68.58,1763833.71,2344.32,688.29,25.83,826597.52,299,Yes,No,Operational
RE-02490,Argentina,2010,Biogas,487.22,57.15,2439188.97,2924.53,1424.89,77.73,838362.51,202,Yes,No,Operational
RE-02491,Germany,2016,Hydroelectric,167.63,33.77,495891.78,4080.36,683.99,34.98,172193.86,205,Yes,No,Operational
RE-02492,Italy,2011,Onshore Wind,1406.12,25.8,3177943.69,1305.29,1835.39,11.97,1569953.39,1139,Yes,No,Planned
RE-02493,Argentina,2025,Geothermal,769.29,91.33,6154710.8,4999.67,3846.2,29.42,3561575.06,2946,Yes,Yes,Planned
RE-02494,Germany,2016,Biomass,936.49,77.36,6346345.5,3191.15,2988.48,49.07,3799735.55,1208,Yes,Yes,Operational
RE-02495,Mexico,2011,Offshore Wind,518.48,55.46,2518929.31,4476.34,2320.89,23.21,1250291.93,541,Yes,No,Operational
RE-02496,Japan,2018,Biomass,741.3,82.79,5376207.09,2294.2,1700.69,88.86,1648306.54,2446,Yes,No,Construction
RE-02497,Norway,2018,Biomass,1168.57,77.71,7954918.74,2152.1,2514.88,100.74,3673113.39,2982,Yes,No,Planned
RE-02498,Australia,2010,Solar CSP,1050.43,21.74,2000464.1,3827.9,4020.94,20.79,1197892.47,1030,No,Yes,Operational
RE-02499,India,2024,Solar PV,304.2,14.38,383197.09,1193.27,362.99,58.77,147051.43,569,Yes,Yes,Operational
RE-02500,Spain,2017,Solar CSP,1393.44,34.74,4240550.05,4547.78,6337.06,29.59,1702888.46,2132,Yes,Yes,Operational
